{"version":3,"update_interval_hours":24,"settings":{"tierbase_search_timeout":15000,"mainbase_search_timeout":10000,"tierbase_api_timeout":35000,"mainbase_api_timeout":30000,"proxy_search_timeout":10000},"mainbase":["https://base1-sv.tribal-enjoy.com","https://base2-sv.tribal-enjoy.com","https://base3-sv.tribal-enjoy.com","https://base4-sv.tribal-enjoy.com","https://base5-sv.tribal-enjoy.com","https://base6-sv.tribal-enjoy.com","https://base7-sv.tribal-enjoy.com","https://base8-sv.tribal-enjoy.com","https://base9-sv.tribal-enjoy.com","https://base10-sv.tribal-enjoy.com","https://base11-sv.tribal-enjoy.com","https://base12-sv.tribal-enjoy.com","https://base13-sv.tribal-enjoy.com","https://base14-sv.tribal-enjoy.com","https://base15-sv.tribal-enjoy.com","https://mainbackupdomain.com"],"tierbase":["https://dyn-twyb.thirty-raise.net:5199/s","https://dyn-bxps.restrict.ooo:8979/s","https://dyn-iidu.title-father.com:4476/s","https://dyn-azbe.diltwo.com:5928/s","https://dyn-yibz.applies.top:8914/s","https://dyn-qxca.tribal-enjoy.com:2296/s","https://dyn-jguy.enters-simply.net:1794/s","https://dyn-tjvz.referred.ooo:1753/s","https://dyn-cwzl.title-father.com:6623/s","https://dyn-trjt.applies.top:5678/s","https://dyn-rntq.trips.ooo:9789/s","https://dyn-grag.killed.world:8816/s","https://dyn-uaem.gauge.world:9245/s","https://dyn-udat.clicking.ooo:7709/s","https://dyn-ugpq.bedroom.life:3917/s","https://dyn-nhic.klafive.com:4337/s","https://dyn-iidd.trips.ooo:7460/s","https://dyn-nicz.enters-simply.net:7997/s","https://dyn-vxfd.colon-teddy.fun:3574/s","https://dyn-jywp.herein.world:9382/s","https://dyn-istb.pluto3.org:3771/s","https://dyn-znab.killed.world:6331/s","https://dyn-esvp.title-father.com:7716/s","https://dyn-afui.wayne-decide.org:10574/s","https://dyn-yaqw.moral.fun:9403/s","https://dyn-nzcj.seats-robbie.com:4064/s","https://dyn-zgne.crimes-segment.net:4768/s","https://dyn-cryr.spies.ooo:2135/s","https://dyn-kcdh.pimmel.top:1805/s","https://dyn-ueme.prior.world:5581/s","https://dyn-dfle.loads-mariah.com:5379/s","https://dyn-cbdi.barriers-rides.net:7557/s","https://dyn-thwa.try9.net:7413/s","https://dyn-ulry.freestat.org:4851/s","https://dyn-aoip.gained-berlin.org:5410/s","https://dyn-umng.cameron-brian.net:3583/s","https://dyn-vdtu.priced.site:9893/s","https://dyn-vooe.gained-berlin.org:2653/s","https://dyn-bpek.gauge.world:3041/s","https://dyn-ufjh.2po.info:7245/s","https://dyn-uonk.barriers-rides.net:4963/s","https://dyn-gvcn.topcdn.org:2045/s","https://dyn-sxws.fourqt.com:8535/s","https://dyn-zang.thegrand.top:4123/s","https://dyn-hmcc.wealth-arcade.com:6845/s","https://dyn-ckjm.earth-dying.com:3277/s","https://dyn-umfw.barriers-rides.net:6994/s","https://dyn-zbdw.bedroom.life:4511/s","https://dyn-lgxk.tracks.fun:8263/s","https://dyn-kkgp.tracks.fun:6019/s","https://dyn-jrtc.fixes-fellow.com:7782/s","https://dyn-pxmz.bedroom.life:2912/s","https://dyn-usnc.articles-subtle.net:2019/s","https://dyn-dimz.try9.net:6360/s","https://dyn-rxwo.dylan-roland.info:11003/s","https://dyn-sgpp.thirty-raise.net:8342/s","https://dyn-phwt.cd-n.net:1486/s","https://dyn-ganu.colon-teddy.fun:9976/s","https://dyn-oryv.seems.info:3112/s","https://dyn-efdd.common-faced.com:3215/s","https://dyn-dxni.wayne-decide.org:3562/s","https://dyn-efsm.cnt2.net:5172/s","https://dyn-euli.dirty-derby.net:4793/s","https://dyn-dwjh.cameron-brian.net:2386/s","https://dyn-yurc.2po.info:4487/s","https://dyn-eadw.dylan-roland.info:2406/s","https://dyn-tdhs.hopcdn.com:9292/s","https://dyn-fwis.priced.top:7602/s","https://dyn-iljk.fixes-fellow.com:6190/s","https://dyn-hjmz.pimmel.top:9309/s","https://dyn-itjl.thirty-raise.net:6545/s","https://dyn-odlo.delay.ooo:6306/s","https://dyn-xtju.dispute.ooo:2087/s","https://dyn-jlro.priced.top:6255/s","https://dyn-xtnh.2po.info:2284/s","https://dyn-ulzw.bedroom.life:4901/s","https://dyn-szwu.spies.ooo:6889/s","https://dyn-ocxn.defend-broad.org:4492/s","https://dyn-bhkz.thirty-raise.net:3211/s","https://dyn-zrns.penny-karen.com:3706/s","https://dyn-zjhf.freestat.org:9290/s","https://dyn-lixi.thegrand.top:1468/s","https://dyn-wrib.cameron-brian.net:9700/s","https://dyn-ngtc.dispute.ooo:2435/s","https://dyn-vouc.stood.fun:3689/s","https://dyn-tpwj.colon-teddy.fun:8125/s","https://dyn-lyzm.stood.fun:5731/s","https://dyn-oahv.bless-charter.net:1188/s","https://dyn-ifiw.hopcdn.com:8166/s","https://dyn-kyqt.earth-dying.com:4773/s","https://dyn-llro.cnt2.net:5513/s","https://dyn-lwpq.hopcdn.com:5729/s","https://dyn-kerx.rules-tiger.org:5741/s","https://dyn-mhqj.enters-simply.net:8426/s","https://dyn-gcuv.loads-mariah.com:7387/s","https://dyn-jduk.crimes-segment.net:5742/s","https://dyn-dpam.radical.fun:10468/s","https://dyn-egfk.cd-n.net:9757/s","https://dyn-ojzb.thirty-raise.net:8095/s","https://dyn-ucui.klafive.com:3183/s","https://dyn-phsp.faith-invasion.com:4423/s","https://dyn-ewip.faith-invasion.com:9731/s","https://dyn-hdsi.menus.life:3511/s","https://dyn-jtgb.dispute.ooo:6387/s","https://dyn-dnmq.dylan-roland.info:4565/s","https://dyn-ssye.hopcdn.com:9073/s","https://dyn-tadk.barriers-rides.net:1934/s","https://dyn-huso.gamingmaster.xyz:6669/s","https://dyn-yuec.restrict.ooo:4795/s","https://dyn-ekkn.referred.ooo:1756/s","https://dyn-eqdc.sought.fun:5191/s","https://dyn-elbn.thegrand.top:3249/s","https://dyn-fsqb.noticed.ooo:5409/s","https://dyn-phun.freestat.org:2131/s","https://dyn-iocc.condo-forest.net:2685/s","https://dyn-knod.killed.world:4886/s","https://dyn-nmsj.thegrand.top:10229/s","https://dyn-adrg.wealth-arcade.com:2720/s","https://dyn-ttmj.stood.fun:10759/s","https://dyn-hvsj.freestat.org:8316/s","https://dyn-gdfp.tribal-enjoy.com:3958/s","https://dyn-mxsr.loads-mariah.com:4833/s","https://dyn-saqn.dylan-roland.info:6670/s","https://dyn-hseu.enters-simply.net:7870/s","https://dyn-vnsk.tracks.fun:1026/s","https://dyn-msbv.fixes-fellow.com:2926/s","https://dyn-tzus.faith-invasion.com:5979/s","https://dyn-zjxy.cameron-brian.net:8736/s","https://dyn-nlfs.stood.fun:10048/s","https://dyn-dbzy.cnt2.net:6169/s","https://dyn-ajgt.seems.info:6835/s","https://dyn-moqf.lender.fun:1778/s","https://dyn-bdkr.prior.world:8961/s","https://dyn-drcc.menus.life:1599/s","https://dyn-lqjw.greece-china.net:10142/s","https://dyn-xusn.barriers-rides.net:7648/s","https://dyn-duof.priced.top:3254/s","https://dyn-iwfq.greece-china.net:7343/s","https://dyn-gefx.try9.net:1754/s","https://dyn-keiy.dryer.life:7236/s","https://dyn-kvcb.radical.fun:4579/s","https://dyn-tcmz.sought.fun:2701/s","https://dyn-tyto.title-father.com:3634/s","https://dyn-vjtk.sought.fun:9426/s","https://dyn-axce.klafive.com:10481/s","https://dyn-omsd.faith-invasion.com:9479/s","https://dyn-obhz.greece-china.net:10546/s","https://dyn-hlhw.herein.world:2366/s","https://dyn-zykq.title-father.com:8426/s","https://dyn-nimg.herein.world:1938/s","https://dyn-cuee.condo-forest.net:6361/s","https://dyn-qaei.noticed.ooo:1058/s","https://dyn-urib.enters-simply.net:4760/s","https://dyn-jqps.seats-robbie.com:6306/s","https://dyn-pgkj.loads-mariah.com:8691/s","https://dyn-pxex.klafive.com:4057/s","https://dyn-sanj.greece-china.net:8492/s","https://dyn-jrbd.dryer.life:1136/s","https://dyn-xgea.gauge.world:3229/s","https://dyn-mlbj.cd-n.net:1904/s","https://dyn-saco.thirty-raise.net:4675/s","https://dyn-vdqu.gauge.world:5705/s","https://dyn-sbey.diltwo.com:3073/s","https://dyn-kawh.herein.world:1123/s","https://dyn-egek.spies.ooo:10759/s","https://dyn-kdws.earth-dying.com:2598/s","https://dyn-vbad.column-total.net:3782/s","https://dyn-lfiz.dispute.ooo:1558/s","https://dyn-wjeu.diltwo.com:9064/s","https://dyn-bjna.trips.ooo:8325/s","https://dyn-litm.gained-berlin.org:1200/s","https://dyn-njok.pluto3.org:9480/s","https://dyn-nqoz.wayne-decide.org:4779/s","https://dyn-ydpj.dispute.ooo:2460/s","https://dyn-jttk.sought.fun:8483/s","https://dyn-mskh.applies.top:6124/s","https://dyn-zhyk.wayne-decide.org:3845/s","https://dyn-tsle.column-total.net:10808/s","https://dyn-ulbh.applies.top:6750/s","https://dyn-xlcw.herein.world:8842/s","https://dyn-oucg.sought.fun:5502/s","https://dyn-qzgh.spies.ooo:6518/s","https://dyn-ezrb.wayne-decide.org:4358/s","https://dyn-isnn.trips.ooo:1871/s","https://dyn-jtcy.title-father.com:3285/s","https://dyn-modp.bedroom.life:7337/s","https://dyn-twio.2po.info:6345/s","https://dyn-zhco.rules-tiger.org:7220/s","https://dyn-xbho.trips.ooo:6921/s","https://dyn-vwdv.penny-karen.com:8835/s","https://dyn-ocyb.killed.world:4108/s","https://dyn-cezg.title-father.com:3259/s","https://dyn-dtef.restrict.ooo:1674/s","https://dyn-jouq.trips.ooo:4229/s","https://dyn-nism.cnt2.net:7047/s","https://dyn-xeut.barriers-rides.net:9754/s","https://dyn-qpki.trlone.com:1093/s","https://dyn-qepu.pluto3.org:8162/s","https://dyn-szqg.restrict.ooo:9425/s","https://dyn-xbkt.applies.top:2586/s","https://dyn-ppwr.defend-broad.org:2290/s","https://dyn-ujxa.priced.top:4956/s","https://dyn-avnv.dirty-derby.net:7719/s","https://dyn-cskt.rules-tiger.org:7900/s","https://dyn-hkld.wealth-arcade.com:9184/s","https://dyn-upev.rules-tiger.org:4226/s","https://dyn-ogbv.wayne-decide.org:9764/s","https://dyn-fehy.fourqt.com:1779/s","https://dyn-jxqb.topcdn.org:2725/s","https://dyn-hfgd.sought.fun:9226/s","https://dyn-cyww.barriers-rides.net:1062/s","https://dyn-yskg.pimmel.top:5363/s","https://dyn-assy.cream-regards.net:2290/s","https://dyn-bhhs.moral.fun:5213/s","https://dyn-ebtb.referred.ooo:2002/s","https://dyn-durq.barriers-rides.net:3176/s","https://dyn-nzxv.dealt.ooo:1097/s","https://dyn-nfwp.trips.ooo:9393/s","https://dyn-xque.barriers-rides.net:8499/s","https://dyn-dxxm.prior.world:5070/s","https://dyn-zddj.korea-injured.com:5266/s","https://dyn-zzri.cnt2.net:3333/s","https://dyn-dliv.column-total.net:10572/s","https://dyn-cyru.tracks.fun:5411/s","https://dyn-ltyb.penny-karen.com:8340/s","https://dyn-kxke.articles-subtle.net:7395/s","https://dyn-cboi.diltwo.com:5740/s","https://dyn-nuja.cameron-brian.net:7863/s","https://dyn-tjnp.priced.site:2237/s","https://dyn-wjby.loads-mariah.com:5247/s","https://dyn-rupj.fixes-fellow.com:4150/s","https://dyn-hjne.noticed.ooo:2574/s","https://dyn-aohe.killed.world:3223/s","https://dyn-ahal.earth-dying.com:4707/s","https://dyn-lbuz.moral.fun:4964/s","https://dyn-qwav.priced.top:4144/s","https://dyn-rztq.tracks.fun:6958/s","https://dyn-nhln.topcdn.org:2084/s","https://dyn-ctay.gauge.world:4162/s","https://dyn-hdrf.gamingmaster.xyz:4779/s","https://dyn-nrkb.diltwo.com:2781/s","https://dyn-txxh.loads-mariah.com:1099/s","https://dyn-rcyn.barriers-rides.net:8508/s","https://dyn-iglv.diltwo.com:1757/s","https://dyn-kpar.earth-dying.com:7023/s","https://dyn-isuv.gauge.world:7630/s","https://dyn-lyke.fourqt.com:6313/s","https://dyn-poah.priced.site:9184/s","https://dyn-dtdb.column-total.net:1395/s","https://dyn-efzc.gained-berlin.org:3457/s","https://dyn-hnbd.killed.world:7078/s","https://dyn-qxgo.charged.fun:1441/s","https://dyn-vmwp.common-faced.com:10406/s","https://dyn-rscm.rules-tiger.org:7294/s","https://dyn-dboi.pluto3.org:4998/s","https://dyn-cpjx.stood.fun:7795/s","https://dyn-ufzx.crimes-segment.net:2578/s","https://dyn-kssu.noticed.ooo:8264/s","https://dyn-mrbq.thirty-raise.net:5304/s","https://dyn-atgw.dispute.ooo:1809/s","https://dyn-eaho.gained-berlin.org:9126/s","https://dyn-szaa.noticed.ooo:4688/s","https://dyn-wbby.trips.ooo:6845/s","https://dyn-cnir.earth-dying.com:7585/s","https://dyn-ktsb.topcdn.org:7127/s","https://dyn-zinx.articles-subtle.net:10235/s","https://dyn-ralb.gained-berlin.org:6604/s","https://dyn-abfn.topcdn.org:9137/s","https://dyn-qwlh.earth-dying.com:2261/s","https://dyn-emlh.column-total.net:10507/s","https://dyn-fnli.delay.ooo:4983/s","https://dyn-cgvo.faith-invasion.com:9791/s","https://dyn-pjgv.spies.ooo:5982/s","https://dyn-ewmo.moral.fun:4151/s","https://dyn-fwiy.excerpt.info:5818/s","https://dyn-hxuj.topcdn.org:1567/s","https://dyn-lyzi.defend-broad.org:10562/s","https://dyn-jeis.rotation.fun:1708/s","https://dyn-fpoe.bless-charter.net:1515/s","https://dyn-mkmc.restrict.ooo:8983/s","https://dyn-whoe.thegrand.top:9116/s","https://dyn-pbfq.common-faced.com:4546/s","https://dyn-tagz.cameron-brian.net:8619/s","https://dyn-kvbz.prior.world:8028/s","https://dyn-looy.loads-mariah.com:1631/s","https://dyn-leac.condo-forest.net:6390/s","https://dyn-rvqb.cnt2.net:9262/s","https://dyn-xvks.optics-thing.com:2694/s","https://dyn-dpzd.referred.ooo:6789/s","https://dyn-iyvx.cameron-brian.net:3603/s","https://dyn-sxih.noticed.ooo:4116/s","https://dyn-fhtn.radical.fun:6991/s","https://dyn-bxgq.faith-invasion.com:2576/s","https://dyn-crin.dryer.life:4841/s","https://dyn-radn.prior.world:3791/s","https://dyn-vbdk.radical.fun:1350/s","https://dyn-swmc.gauge.world:8489/s","https://dyn-ylbr.pluto3.org:10151/s","https://dyn-rijx.spies.ooo:8772/s","https://dyn-jnlq.sought.fun:3244/s","https://dyn-encj.crimes-segment.net:4023/s","https://dyn-oekx.menus.life:3745/s","https://dyn-iydf.condo-forest.net:4203/s","https://dyn-hpkp.prior.world:6921/s","https://dyn-behi.defend-broad.org:6959/s","https://dyn-sprw.pluto3.org:2992/s","https://dyn-jfex.try9.net:10471/s","https://dyn-ahvt.dealt.ooo:2443/s","https://dyn-bhfp.lender.fun:8714/s","https://dyn-tsgc.faith-invasion.com:7362/s","https://dyn-ecwr.optics-thing.com:5524/s","https://dyn-exbq.column-total.net:4623/s","https://dyn-ibhv.moral.fun:1362/s","https://dyn-nnwc.diltwo.com:10008/s","https://dyn-azvy.faith-invasion.com:5721/s","https://dyn-ayck.applies.top:3351/s","https://dyn-acag.charged.fun:10570/s","https://dyn-ogmt.enters-simply.net:1316/s","https://dyn-smrf.killed.world:5542/s","https://dyn-igdq.delay.ooo:3138/s","https://dyn-njuo.bless-charter.net:10746/s","https://dyn-nhyy.klafive.com:1213/s","https://dyn-ujzt.barriers-rides.net:5010/s","https://dyn-uyhi.trips.ooo:9359/s","https://dyn-bxbd.gained-berlin.org:4584/s","https://dyn-bymq.tribal-enjoy.com:1221/s","https://dyn-lzcw.priced.top:10964/s","https://dyn-czpd.dirty-derby.net:2877/s","https://dyn-veml.earth-dying.com:7281/s","https://dyn-evjp.common-faced.com:3809/s","https://dyn-wxgm.gauge.world:3155/s","https://dyn-nkfv.referred.ooo:9004/s","https://dyn-phtk.klafive.com:7007/s","https://dyn-oavu.priced.top:5902/s","https://dyn-maxk.radical.fun:5924/s","https://dyn-ekbg.enters-simply.net:1832/s","https://dyn-njxs.topcdn.org:8594/s","https://dyn-dlgb.colon-teddy.fun:3011/s","https://dyn-fybn.lender.fun:4375/s","https://dyn-buvu.dylan-roland.info:4805/s","https://dyn-hfic.dealt.ooo:1482/s","https://dyn-ciog.radical.fun:8679/s","https://dyn-wzuc.cd-n.net:5754/s","https://dyn-vzjp.korea-injured.com:3817/s","https://dyn-npey.delay.ooo:3121/s","https://dyn-hfzs.condo-forest.net:10303/s","https://dyn-iqex.hopcdn.com:4331/s","https://dyn-nzrr.herein.world:8690/s","https://dyn-dpry.fixes-fellow.com:5676/s","https://dyn-oyla.optics-thing.com:6921/s","https://dyn-gnbo.charged.fun:5964/s","https://dyn-sgep.seats-robbie.com:8363/s","https://dyn-qsjc.sought.fun:2799/s","https://dyn-qxxt.defend-broad.org:5757/s","https://dyn-ncao.applies.top:7194/s","https://dyn-jjmh.loads-mariah.com:2385/s","https://dyn-kfgu.try9.net:2766/s","https://dyn-xcki.excerpt.info:3747/s","https://dyn-wkql.rules-tiger.org:9760/s","https://dyn-tgve.bless-charter.net:8589/s","https://dyn-safr.clicking.ooo:9439/s","https://dyn-kdml.trlone.com:2655/s","https://dyn-uwjb.moral.fun:2632/s","https://dyn-zbfb.penny-karen.com:10844/s","https://dyn-kipf.lender.fun:4283/s","https://dyn-khoq.column-total.net:11005/s","https://dyn-zckr.thirty-raise.net:7129/s","https://dyn-vikk.dealt.ooo:7133/s","https://dyn-ruyj.rules-tiger.org:3166/s","https://dyn-xfkb.tracks.fun:7362/s","https://dyn-omla.wayne-decide.org:4038/s","https://dyn-rqqy.rules-tiger.org:2340/s","https://dyn-gbpx.cnt2.net:3208/s","https://dyn-mziw.seats-robbie.com:5918/s","https://dyn-jkqj.condo-forest.net:3697/s","https://dyn-uoqj.applies.top:3856/s","https://dyn-uasy.priced.site:6408/s","https://dyn-phho.column-total.net:10593/s","https://dyn-vrlt.common-faced.com:10708/s","https://dyn-cjld.bless-charter.net:1715/s","https://dyn-ppmk.cnt2.net:6588/s","https://dyn-uxyb.tribal-enjoy.com:1871/s","https://dyn-vmgg.gauge.world:2215/s","https://dyn-zmmw.column-total.net:1723/s","https://dyn-atot.crimes-segment.net:9821/s","https://dyn-yjuz.radical.fun:1775/s","https://dyn-zuph.bless-charter.net:1895/s","https://dyn-zlor.gauge.world:7439/s","https://dyn-mikv.clicking.ooo:8246/s","https://dyn-ggam.common-faced.com:5324/s","https://dyn-fmkr.column-total.net:5700/s","https://dyn-pmgz.bless-charter.net:2854/s","https://dyn-cmxy.sought.fun:5832/s","https://dyn-otpf.fixes-fellow.com:3943/s","https://dyn-ykjc.trips.ooo:6113/s","https://dyn-wsqi.dylan-roland.info:2471/s","https://dyn-hwtn.colon-teddy.fun:8603/s","https://dyn-rtni.dryer.life:5451/s","https://dyn-ghvf.crimes-segment.net:7038/s","https://dyn-frhc.dryer.life:2466/s","https://dyn-zuiv.seats-robbie.com:3073/s","https://dyn-glfy.cream-regards.net:3643/s","https://dyn-klur.dispute.ooo:9550/s","https://dyn-mkbg.dirty-derby.net:6031/s","https://dyn-kefc.cameron-brian.net:9407/s","https://dyn-hbbc.klafive.com:8765/s","https://dyn-qxlf.loads-mariah.com:8404/s","https://dyn-oqkj.cnt2.net:7227/s","https://dyn-pmpt.gauge.world:1136/s","https://dyn-auvb.bless-charter.net:3852/s","https://dyn-gjbv.wealth-arcade.com:3706/s","https://dyn-mcer.priced.top:3529/s","https://dyn-wllr.sought.fun:1984/s","https://dyn-efzp.restrict.ooo:3038/s","https://dyn-azyg.topcdn.org:5690/s","https://dyn-axpx.defend-broad.org:9599/s","https://dyn-zvbi.seems.info:4934/s","https://dyn-pajp.rules-tiger.org:6300/s","https://dyn-chbe.rules-tiger.org:3069/s","https://dyn-bwpr.title-father.com:8042/s","https://dyn-sgtz.thegrand.top:2981/s","https://dyn-krmb.seats-robbie.com:8295/s","https://dyn-pzdv.gamingmaster.xyz:5703/s","https://dyn-iqod.title-father.com:10695/s","https://dyn-kjgk.dispute.ooo:3732/s","https://dyn-pxdz.dylan-roland.info:6715/s","https://dyn-fowb.moral.fun:1409/s","https://dyn-ahwi.clicking.ooo:5427/s","https://dyn-ymau.topcdn.org:3293/s","https://dyn-eqvy.delay.ooo:5700/s","https://dyn-lfvj.clicking.ooo:8059/s","https://dyn-ifzf.applies.top:5286/s","https://dyn-jlwk.stood.fun:3785/s","https://dyn-vrrq.crimes-segment.net:9035/s","https://dyn-htsq.clicking.ooo:5542/s","https://dyn-zxvq.dylan-roland.info:8065/s","https://dyn-yykm.menus.life:5284/s","https://dyn-moaw.gamingmaster.xyz:8041/s","https://dyn-hces.cnt2.net:5205/s","https://dyn-glsq.radical.fun:1954/s","https://dyn-tbvy.cd-n.net:5030/s","https://dyn-zekr.cream-regards.net:9215/s","https://dyn-bgth.greece-china.net:4208/s","https://dyn-cuqn.moral.fun:10906/s","https://dyn-tbyf.bless-charter.net:5662/s","https://dyn-rmwy.clicking.ooo:2059/s","https://dyn-tzcy.dispute.ooo:6774/s","https://dyn-skcz.rotation.fun:8738/s","https://dyn-kmxt.cd-n.net:2329/s","https://dyn-pgoo.lender.fun:1890/s","https://dyn-lyin.radical.fun:9835/s","https://dyn-xbxt.herein.world:3744/s","https://dyn-gboe.greece-china.net:9838/s","https://dyn-urlh.charged.fun:3416/s","https://dyn-jbiq.bedroom.life:7930/s","https://dyn-nelc.referred.ooo:10581/s","https://dyn-vkau.prior.world:2665/s","https://dyn-bocw.penny-karen.com:10618/s","https://dyn-qsju.try9.net:4768/s","https://dyn-qsrl.trlone.com:6991/s","https://dyn-yvef.dispute.ooo:4433/s","https://dyn-penv.radical.fun:1412/s","https://dyn-byyg.fourqt.com:1402/s","https://dyn-xkfc.loads-mariah.com:1839/s","https://dyn-cbuw.gained-berlin.org:2500/s","https://dyn-azsv.gauge.world:9129/s","https://dyn-azse.optics-thing.com:5251/s","https://dyn-jzas.tracks.fun:3071/s","https://dyn-itlq.faith-invasion.com:5066/s","https://dyn-hysv.hopcdn.com:3455/s","https://dyn-vdub.applies.top:7556/s","https://dyn-bdut.penny-karen.com:2275/s","https://dyn-upec.topcdn.org:10996/s","https://dyn-qwcd.herein.world:6835/s","https://dyn-awuy.killed.world:6081/s","https://dyn-ypgn.gauge.world:7296/s","https://dyn-tkla.prior.world:5155/s","https://dyn-wims.referred.ooo:4202/s","https://dyn-gzsq.prior.world:2605/s","https://dyn-yeud.optics-thing.com:4358/s","https://dyn-ogst.hopcdn.com:9387/s","https://dyn-tbau.topcdn.org:3770/s","https://dyn-ulbj.gamingmaster.xyz:6981/s","https://dyn-zihe.seems.info:10135/s","https://dyn-mjia.korea-injured.com:1434/s","https://dyn-ewic.seems.info:3511/s","https://dyn-jpqb.gamingmaster.xyz:3935/s","https://dyn-gmng.fourqt.com:10209/s","https://dyn-jcgs.defend-broad.org:6192/s","https://dyn-lpbb.pluto3.org:1364/s","https://dyn-lqpl.penny-karen.com:9137/s","https://dyn-dtsc.radical.fun:2461/s","https://dyn-ixpx.freestat.org:5369/s","https://dyn-iicx.crimes-segment.net:3788/s","https://dyn-ozcp.bless-charter.net:1374/s","https://dyn-cbwg.crimes-segment.net:2163/s","https://dyn-xujy.gained-berlin.org:10647/s","https://dyn-dwfp.tracks.fun:2955/s","https://dyn-lttg.noticed.ooo:10877/s","https://dyn-jkrz.referred.ooo:10012/s","https://dyn-jhos.dispute.ooo:10227/s","https://dyn-fxdm.klafive.com:7570/s","https://dyn-qocd.colon-teddy.fun:5603/s","https://dyn-jecz.cnt2.net:3298/s","https://dyn-pxov.delay.ooo:2474/s","https://dyn-kcwl.fixes-fellow.com:2001/s","https://dyn-ttzz.menus.life:3663/s","https://dyn-mxjy.fourqt.com:2523/s","https://dyn-mkxx.greece-china.net:9276/s","https://dyn-tpde.rotation.fun:3266/s","https://dyn-ndge.faith-invasion.com:6695/s","https://dyn-lpkz.wayne-decide.org:5026/s","https://dyn-miqo.faith-invasion.com:2031/s","https://dyn-ombe.clicking.ooo:4906/s","https://dyn-ncfz.referred.ooo:8569/s","https://dyn-dxvm.killed.world:1920/s","https://dyn-iseb.gamingmaster.xyz:7034/s","https://dyn-qzkz.optics-thing.com:10763/s","https://dyn-icjv.menus.life:2637/s","https://dyn-dgom.cream-regards.net:4452/s","https://dyn-iklw.stood.fun:3007/s","https://dyn-jeum.wealth-arcade.com:1040/s","https://dyn-gtpj.charged.fun:2979/s","https://dyn-wdje.spies.ooo:10976/s","https://dyn-tdxx.tracks.fun:4416/s","https://dyn-njpd.bedroom.life:9259/s","https://dyn-unyf.menus.life:8006/s","https://dyn-awfw.gauge.world:3156/s","https://dyn-kzzp.excerpt.info:7633/s","https://dyn-rdor.menus.life:10809/s","https://dyn-nuwi.cnt2.net:2653/s","https://dyn-gtbv.crimes-segment.net:8341/s","https://dyn-rmvl.cameron-brian.net:2862/s","https://dyn-ihoj.korea-injured.com:10021/s","https://dyn-ozcf.faith-invasion.com:4497/s","https://dyn-iart.korea-injured.com:10234/s","https://dyn-uyqo.cd-n.net:7268/s","https://dyn-bzvp.trlone.com:3086/s","https://dyn-ybcw.earth-dying.com:4071/s","https://dyn-zvgt.greece-china.net:3833/s","https://dyn-gdfa.bedroom.life:3695/s","https://dyn-lgpp.spies.ooo:4409/s","https://dyn-ygkt.seats-robbie.com:5522/s","https://dyn-ifos.fourqt.com:3321/s","https://dyn-ecaf.prior.world:9735/s","https://dyn-goea.rules-tiger.org:10587/s","https://dyn-mkhu.delay.ooo:1036/s","https://dyn-kcek.dryer.life:2518/s","https://dyn-clkg.gauge.world:2967/s","https://dyn-ygph.restrict.ooo:9860/s","https://dyn-ohvv.cd-n.net:3836/s","https://dyn-xnks.hopcdn.com:7911/s","https://dyn-axnj.seats-robbie.com:8052/s","https://dyn-ctuy.dryer.life:5595/s","https://dyn-gonu.tracks.fun:2673/s","https://dyn-khtw.sought.fun:5191/s","https://dyn-momi.referred.ooo:3020/s","https://dyn-dwap.rotation.fun:10530/s","https://dyn-dpir.freestat.org:5678/s","https://dyn-dypf.cream-regards.net:6364/s","https://dyn-ekrd.clicking.ooo:9437/s","https://dyn-shks.bedroom.life:9585/s","https://dyn-zbyb.earth-dying.com:1103/s","https://dyn-rlct.fixes-fellow.com:2128/s","https://dyn-hoso.common-faced.com:10916/s","https://dyn-zckh.thegrand.top:8007/s","https://dyn-facj.menus.life:9198/s","https://dyn-qtyc.tracks.fun:1632/s","https://dyn-nvsk.gauge.world:7071/s","https://dyn-drdc.dylan-roland.info:10035/s","https://dyn-heif.rotation.fun:1403/s","https://dyn-oqjw.loads-mariah.com:3298/s","https://dyn-mvrp.lender.fun:1415/s","https://dyn-fkgt.column-total.net:4857/s","https://dyn-acjo.earth-dying.com:7214/s","https://dyn-nepy.trlone.com:4832/s","https://dyn-jndu.enters-simply.net:8152/s","https://dyn-payg.gauge.world:1770/s","https://dyn-sinw.barriers-rides.net:8941/s","https://dyn-dzgr.dryer.life:5004/s","https://dyn-opuo.stood.fun:1277/s","https://dyn-aqdx.articles-subtle.net:5727/s","https://dyn-pcyz.excerpt.info:5412/s","https://dyn-cfqk.freestat.org:1138/s","https://dyn-oupr.rules-tiger.org:5017/s","https://dyn-ddnc.lender.fun:10163/s","https://dyn-eyay.priced.top:10288/s","https://dyn-ohhq.seats-robbie.com:9934/s","https://dyn-cvgz.enters-simply.net:5963/s","https://dyn-uthy.trips.ooo:2010/s","https://dyn-gqwc.dealt.ooo:2019/s","https://dyn-lgfu.priced.top:3622/s","https://dyn-dcys.lender.fun:7008/s","https://dyn-hubc.dirty-derby.net:1720/s","https://dyn-uozq.fourqt.com:9492/s","https://dyn-jtum.tribal-enjoy.com:6028/s","https://dyn-auci.optics-thing.com:2643/s","https://dyn-iefj.pluto3.org:5287/s","https://dyn-hhoy.wealth-arcade.com:6200/s","https://dyn-kgjd.klafive.com:5303/s","https://dyn-ztau.lender.fun:10586/s","https://dyn-trsu.korea-injured.com:10401/s","https://dyn-xpnp.klafive.com:5180/s","https://dyn-rema.colon-teddy.fun:3039/s","https://dyn-rwjh.dispute.ooo:1631/s","https://dyn-sjlw.pimmel.top:1504/s","https://dyn-wioa.thirty-raise.net:7004/s","https://dyn-mlry.title-father.com:2101/s","https://dyn-gxkw.wealth-arcade.com:3302/s","https://dyn-czol.condo-forest.net:2883/s","https://dyn-vpao.moral.fun:3647/s","https://dyn-fjxl.pimmel.top:1572/s","https://dyn-mpcp.noticed.ooo:9166/s","https://dyn-dyxl.freestat.org:10309/s","https://dyn-oeyh.title-father.com:4080/s","https://dyn-yhsr.clicking.ooo:4249/s","https://dyn-qlua.try9.net:10674/s","https://dyn-hukd.rules-tiger.org:6463/s","https://dyn-evzv.cameron-brian.net:10309/s","https://dyn-hjed.condo-forest.net:6652/s","https://dyn-idkh.thirty-raise.net:10117/s","https://dyn-pahr.cd-n.net:7802/s","https://dyn-knok.pluto3.org:1186/s","https://dyn-ards.tribal-enjoy.com:5726/s","https://dyn-rryw.rules-tiger.org:9856/s","https://dyn-ikfd.defend-broad.org:1122/s","https://dyn-pdfd.fixes-fellow.com:2750/s","https://dyn-jjtp.stood.fun:9002/s","https://dyn-uidm.lender.fun:2905/s","https://dyn-vcgo.herein.world:7835/s","https://dyn-uhvn.optics-thing.com:1213/s","https://dyn-flim.crimes-segment.net:6830/s","https://dyn-zpha.excerpt.info:4684/s","https://dyn-cspb.earth-dying.com:1610/s","https://dyn-unwm.faith-invasion.com:3704/s","https://dyn-kmdn.tribal-enjoy.com:7163/s","https://dyn-wowj.articles-subtle.net:8089/s","https://dyn-tkjm.gained-berlin.org:4146/s","https://dyn-ihld.priced.top:4869/s","https://dyn-uvga.killed.world:1434/s","https://dyn-fgqo.diltwo.com:10107/s","https://dyn-jerp.wayne-decide.org:2857/s","https://dyn-ztxq.gamingmaster.xyz:10373/s","https://dyn-etki.cameron-brian.net:9898/s","https://dyn-lken.wealth-arcade.com:5356/s","https://dyn-hmgm.barriers-rides.net:3377/s","https://dyn-htgk.bedroom.life:3959/s","https://dyn-xxsg.bless-charter.net:2247/s","https://dyn-cccp.wayne-decide.org:9321/s","https://dyn-nfil.stood.fun:5573/s","https://dyn-tedr.rules-tiger.org:8537/s","https://dyn-jvlt.freestat.org:2672/s","https://dyn-vzjn.condo-forest.net:1702/s","https://dyn-egwv.lender.fun:1698/s","https://dyn-xsxg.cnt2.net:5558/s","https://dyn-kyrg.gamingmaster.xyz:7924/s","https://dyn-hncu.bedroom.life:6846/s","https://dyn-qhlo.seats-robbie.com:1574/s","https://dyn-jjzt.wealth-arcade.com:8803/s","https://dyn-bdlj.freestat.org:1350/s","https://dyn-dltc.bless-charter.net:10506/s","https://dyn-bhrk.bless-charter.net:5015/s","https://dyn-nglo.rules-tiger.org:10901/s","https://dyn-zjwo.delay.ooo:8969/s","https://dyn-cmer.dryer.life:1615/s","https://dyn-kcff.moral.fun:9970/s","https://dyn-qkwh.articles-subtle.net:7802/s","https://dyn-lmoa.fixes-fellow.com:5234/s","https://dyn-okin.defend-broad.org:5620/s","https://dyn-rzhg.column-total.net:10626/s","https://dyn-prxx.rotation.fun:1222/s","https://dyn-jmhr.greece-china.net:2235/s","https://dyn-sroa.cnt2.net:5101/s","https://dyn-gbiz.stood.fun:10364/s","https://dyn-rhxh.lender.fun:7831/s","https://dyn-tkma.dylan-roland.info:9848/s","https://dyn-xolt.tracks.fun:7447/s","https://dyn-ftqh.diltwo.com:1417/s","https://dyn-mttb.trlone.com:1346/s","https://dyn-salb.faith-invasion.com:1260/s","https://dyn-kufi.restrict.ooo:6120/s","https://dyn-lvke.faith-invasion.com:6384/s","https://dyn-awdm.fixes-fellow.com:1068/s","https://dyn-avzo.rotation.fun:1425/s","https://dyn-wuba.stood.fun:10305/s","https://dyn-hkpi.column-total.net:8093/s","https://dyn-xkoe.gamingmaster.xyz:10480/s","https://dyn-dqfk.tribal-enjoy.com:6164/s","https://dyn-wobw.2po.info:8927/s","https://dyn-odyl.restrict.ooo:8936/s","https://dyn-yrje.greece-china.net:1680/s","https://dyn-mnec.thegrand.top:2860/s","https://dyn-ioml.seems.info:9850/s","https://dyn-niyk.dispute.ooo:10349/s","https://dyn-eyik.spies.ooo:7477/s","https://dyn-nyhx.cd-n.net:7059/s","https://dyn-avuf.condo-forest.net:3569/s","https://dyn-sutb.excerpt.info:5195/s","https://dyn-qcan.pimmel.top:5038/s","https://dyn-gnwu.colon-teddy.fun:1503/s","https://dyn-jhhu.defend-broad.org:2364/s","https://dyn-cwyr.optics-thing.com:10109/s","https://dyn-vzhm.klafive.com:10718/s","https://dyn-qmij.sought.fun:9990/s","https://dyn-hmmu.common-faced.com:2517/s","https://dyn-fmli.greece-china.net:9955/s","https://dyn-pbdp.dispute.ooo:3640/s","https://dyn-crhw.common-faced.com:1358/s","https://dyn-icfw.moral.fun:6482/s","https://dyn-rfkk.colon-teddy.fun:6707/s","https://dyn-gmdu.cameron-brian.net:7061/s","https://dyn-lbxk.condo-forest.net:3683/s","https://dyn-epxp.cameron-brian.net:5787/s","https://dyn-dowq.tracks.fun:4660/s","https://dyn-lhwj.colon-teddy.fun:2969/s","https://dyn-rhtl.priced.top:5706/s","https://dyn-twyh.cd-n.net:8882/s","https://dyn-cyim.trips.ooo:9073/s","https://dyn-orxi.lender.fun:4815/s","https://dyn-izcd.pluto3.org:9517/s","https://dyn-rzxc.fourqt.com:10630/s","https://dyn-gnnn.topcdn.org:9116/s","https://dyn-gzzk.fixes-fellow.com:9041/s","https://dyn-jxsp.sought.fun:2719/s","https://dyn-pwof.sought.fun:2046/s","https://dyn-dtgq.priced.site:9047/s","https://dyn-mwsu.moral.fun:5869/s","https://dyn-oyqx.title-father.com:6709/s","https://dyn-qjma.hopcdn.com:1965/s","https://dyn-krnc.hopcdn.com:1891/s","https://dyn-rsou.dirty-derby.net:1190/s","https://dyn-udge.stood.fun:6930/s","https://dyn-tuhn.spies.ooo:2178/s","https://dyn-dwkw.optics-thing.com:1541/s","https://dyn-tvrs.clicking.ooo:4559/s","https://dyn-cetv.dryer.life:7969/s","https://dyn-tnys.tribal-enjoy.com:3647/s","https://dyn-uldo.cd-n.net:8572/s","https://dyn-dqkz.bedroom.life:5080/s","https://dyn-orgt.clicking.ooo:4756/s","https://dyn-bopv.dirty-derby.net:1180/s","https://dyn-xzdk.gained-berlin.org:7760/s","https://dyn-lhym.try9.net:7205/s","https://dyn-qsmz.thirty-raise.net:4128/s","https://dyn-vihr.thegrand.top:7589/s","https://dyn-zxrh.hopcdn.com:1725/s","https://dyn-vwjt.thegrand.top:10945/s","https://dyn-msqc.articles-subtle.net:8612/s","https://dyn-ujyo.cnt2.net:7162/s","https://dyn-zkee.bless-charter.net:5521/s","https://dyn-knbk.articles-subtle.net:5548/s","https://dyn-wuqu.klafive.com:6123/s","https://dyn-kmuf.greece-china.net:8464/s","https://dyn-hppq.barriers-rides.net:2071/s","https://dyn-vdap.prior.world:3269/s","https://dyn-lfgm.trlone.com:2609/s","https://dyn-fhdr.cream-regards.net:5670/s","https://dyn-cedi.condo-forest.net:3665/s","https://dyn-qplv.penny-karen.com:2856/s","https://dyn-yzrl.cameron-brian.net:8367/s","https://dyn-ilfp.excerpt.info:8320/s","https://dyn-hfvc.bedroom.life:8944/s","https://dyn-cits.try9.net:4107/s","https://dyn-pmcz.fourqt.com:10026/s","https://dyn-nwfe.noticed.ooo:3081/s","https://dyn-mxtm.gained-berlin.org:6880/s","https://dyn-zhvq.topcdn.org:5841/s","https://dyn-nwga.gauge.world:7000/s","https://dyn-utyi.colon-teddy.fun:3654/s","https://dyn-hpyu.penny-karen.com:6880/s","https://dyn-rxfb.gained-berlin.org:10735/s","https://dyn-fvxz.fixes-fellow.com:10259/s","https://dyn-owpw.gained-berlin.org:8820/s","https://dyn-mvoj.spies.ooo:8185/s","https://dyn-igcz.topcdn.org:8682/s","https://dyn-cfhs.greece-china.net:2345/s","https://dyn-sveu.trlone.com:7029/s","https://dyn-ieij.stood.fun:9557/s","https://dyn-mjpo.try9.net:7637/s","https://dyn-qqsl.barriers-rides.net:6272/s","https://dyn-nmxb.rules-tiger.org:10128/s","https://dyn-xprc.trips.ooo:1558/s","https://dyn-ivmj.colon-teddy.fun:8029/s","https://dyn-tzuy.noticed.ooo:1563/s","https://dyn-pgfb.diltwo.com:8730/s","https://dyn-wceq.freestat.org:8557/s","https://dyn-ynhn.dylan-roland.info:2829/s","https://dyn-tjtd.gauge.world:2252/s","https://dyn-gfpp.seems.info:3660/s","https://dyn-aqbt.rules-tiger.org:7953/s","https://dyn-fohg.priced.site:1402/s","https://dyn-nznn.cameron-brian.net:4798/s","https://dyn-wvtv.gamingmaster.xyz:3357/s","https://dyn-vgfr.2po.info:4184/s","https://dyn-wund.diltwo.com:8459/s","https://dyn-ymuq.topcdn.org:3361/s","https://dyn-xtzl.priced.site:3436/s","https://dyn-nann.delay.ooo:10844/s","https://dyn-lauk.dryer.life:8691/s","https://dyn-ibnv.gained-berlin.org:8511/s","https://dyn-twtu.hopcdn.com:10597/s","https://dyn-xtcq.try9.net:5218/s","https://dyn-kbfg.thirty-raise.net:6400/s","https://dyn-lngp.gamingmaster.xyz:3650/s","https://dyn-xsjb.title-father.com:1484/s","https://dyn-hhmr.fourqt.com:4286/s","https://dyn-pcjz.excerpt.info:1555/s","https://dyn-oyft.freestat.org:1678/s","https://dyn-gpvz.killed.world:3982/s","https://dyn-nlcg.defend-broad.org:9901/s","https://dyn-ywmo.earth-dying.com:8441/s","https://dyn-yxip.referred.ooo:10527/s","https://dyn-gokt.faith-invasion.com:1340/s","https://dyn-gkpp.seems.info:4168/s","https://dyn-tkha.topcdn.org:7983/s","https://dyn-rxdw.hopcdn.com:8319/s","https://dyn-viag.radical.fun:2593/s","https://dyn-ittv.herein.world:10412/s","https://dyn-ucqk.dirty-derby.net:9849/s","https://dyn-dewz.korea-injured.com:6111/s","https://dyn-slbb.trips.ooo:5165/s","https://dyn-cine.sought.fun:9565/s","https://dyn-sybf.column-total.net:1724/s","https://dyn-iwui.column-total.net:9862/s","https://dyn-wxmx.try9.net:4201/s","https://dyn-wqmm.gamingmaster.xyz:3179/s","https://dyn-iffy.gained-berlin.org:10737/s","https://dyn-jqcc.restrict.ooo:6786/s","https://dyn-qwbu.restrict.ooo:9742/s","https://dyn-zcrc.cd-n.net:2339/s","https://dyn-ekgw.seems.info:3689/s","https://dyn-jviy.defend-broad.org:8901/s","https://dyn-wavk.cnt2.net:9245/s","https://dyn-dnwp.dryer.life:9847/s","https://dyn-jltd.common-faced.com:10240/s","https://dyn-efov.wayne-decide.org:3625/s","https://dyn-tyjv.priced.top:9422/s","https://dyn-fbjq.cameron-brian.net:1520/s","https://dyn-tfbg.colon-teddy.fun:2893/s","https://dyn-xbmo.hopcdn.com:3892/s","https://dyn-hbyx.cameron-brian.net:7053/s","https://dyn-aqgj.common-faced.com:2661/s","https://dyn-umdn.gained-berlin.org:8027/s","https://dyn-rlgy.pluto3.org:2254/s","https://dyn-xxmc.faith-invasion.com:2479/s","https://dyn-nclp.barriers-rides.net:6131/s","https://dyn-hthn.topcdn.org:10942/s","https://dyn-qowt.fixes-fellow.com:1132/s","https://dyn-pnfa.barriers-rides.net:4248/s","https://dyn-osvo.penny-karen.com:3705/s","https://dyn-mbjo.delay.ooo:3180/s","https://dyn-brvu.referred.ooo:9066/s","https://dyn-fzrb.penny-karen.com:10778/s","https://dyn-tkpv.diltwo.com:7109/s","https://dyn-nrmb.articles-subtle.net:2244/s","https://dyn-hfat.moral.fun:6204/s","https://dyn-kuum.pimmel.top:6910/s","https://dyn-zvqp.hopcdn.com:9753/s","https://dyn-hwzj.penny-karen.com:8994/s","https://dyn-duto.colon-teddy.fun:1243/s","https://dyn-kqvs.condo-forest.net:2171/s","https://dyn-fsxc.noticed.ooo:1669/s","https://dyn-pgbn.trlone.com:4916/s","https://dyn-orzv.column-total.net:10599/s","https://dyn-mblj.optics-thing.com:5835/s","https://dyn-xiif.seats-robbie.com:5365/s","https://dyn-kyss.enters-simply.net:1106/s","https://dyn-euhn.condo-forest.net:2055/s","https://dyn-lhju.wayne-decide.org:3001/s","https://dyn-euzn.lender.fun:8537/s","https://dyn-eoln.herein.world:4403/s","https://dyn-yscd.column-total.net:7377/s","https://dyn-sjua.faith-invasion.com:5037/s","https://dyn-wjhz.crimes-segment.net:1406/s","https://dyn-isza.topcdn.org:6271/s","https://dyn-tbec.pluto3.org:2169/s","https://dyn-cyrn.title-father.com:3598/s","https://dyn-dxns.articles-subtle.net:2302/s","https://dyn-zxnq.cnt2.net:5217/s","https://dyn-teyf.faith-invasion.com:7284/s","https://dyn-napi.dealt.ooo:7596/s","https://dyn-igtr.moral.fun:6183/s","https://dyn-uoxa.dispute.ooo:3643/s","https://dyn-pavh.cnt2.net:4790/s","https://dyn-kxfc.dealt.ooo:9456/s","https://dyn-ttsl.clicking.ooo:6309/s","https://dyn-tcrg.stood.fun:1325/s","https://dyn-fnuf.bless-charter.net:5805/s","https://dyn-ibqu.title-father.com:5488/s","https://dyn-vhxx.cream-regards.net:6723/s","https://dyn-rzrg.column-total.net:3076/s","https://dyn-lavt.noticed.ooo:4140/s","https://dyn-evnh.sought.fun:1200/s","https://dyn-abji.2po.info:3860/s","https://dyn-ztcq.thegrand.top:2347/s","https://dyn-qphd.articles-subtle.net:5304/s","https://dyn-jppg.klafive.com:10762/s","https://dyn-cujl.cream-regards.net:6461/s","https://dyn-ltsu.menus.life:9303/s","https://dyn-hdey.dirty-derby.net:10804/s","https://dyn-fxyb.herein.world:10803/s","https://dyn-prxu.condo-forest.net:6234/s","https://dyn-sumc.wayne-decide.org:1473/s","https://dyn-fxqx.killed.world:6956/s","https://dyn-jkyn.clicking.ooo:1354/s","https://dyn-jjco.thegrand.top:9775/s","https://dyn-pfqo.freestat.org:3604/s","https://dyn-iutq.cream-regards.net:1826/s","https://dyn-qfuw.delay.ooo:8915/s","https://dyn-kvzh.dispute.ooo:5015/s","https://dyn-nbrc.klafive.com:2667/s","https://dyn-rgif.defend-broad.org:7686/s","https://dyn-zfwo.bless-charter.net:8474/s","https://dyn-gjzi.radical.fun:8771/s","https://dyn-qzhr.fixes-fellow.com:1829/s","https://dyn-srna.delay.ooo:1761/s","https://dyn-kjvj.bedroom.life:8602/s","https://dyn-luck.moral.fun:7868/s","https://dyn-sfec.defend-broad.org:7366/s","https://dyn-ensj.wealth-arcade.com:1084/s","https://dyn-cqia.restrict.ooo:3670/s","https://dyn-whuz.sought.fun:1286/s","https://dyn-szsg.bedroom.life:5452/s","https://dyn-dslg.cream-regards.net:7090/s","https://dyn-lzos.fixes-fellow.com:2634/s","https://dyn-moqy.trlone.com:2293/s","https://dyn-vpal.column-total.net:4855/s","https://dyn-ywkk.applies.top:4770/s","https://dyn-rzys.rotation.fun:8987/s","https://dyn-ltik.applies.top:4412/s","https://dyn-ywky.bedroom.life:8808/s","https://dyn-epcj.dispute.ooo:5803/s","https://dyn-yewu.rules-tiger.org:4944/s","https://dyn-fvcb.freestat.org:8173/s","https://dyn-kqxy.cd-n.net:10802/s","https://dyn-wyec.trips.ooo:8666/s","https://dyn-xwpw.klafive.com:3618/s","https://dyn-dpnd.penny-karen.com:2862/s","https://dyn-wqre.pimmel.top:3579/s","https://dyn-xney.rules-tiger.org:8397/s","https://dyn-njmk.tracks.fun:10569/s","https://dyn-vcng.pimmel.top:6136/s","https://dyn-tcao.condo-forest.net:4823/s","https://dyn-tziz.title-father.com:9335/s","https://dyn-srpd.fourqt.com:8201/s","https://dyn-jclb.penny-karen.com:9487/s","https://dyn-ohoy.crimes-segment.net:5343/s","https://dyn-ijuw.tracks.fun:3621/s","https://dyn-ogrx.bless-charter.net:8338/s","https://dyn-gihj.pluto3.org:5286/s","https://dyn-ujbw.defend-broad.org:1631/s","https://dyn-trgk.defend-broad.org:10895/s","https://dyn-wuul.charged.fun:4314/s","https://dyn-ccjy.wayne-decide.org:7531/s","https://dyn-kfzn.pluto3.org:3167/s","https://dyn-wxny.killed.world:7259/s","https://dyn-qpwu.dryer.life:10594/s","https://dyn-ogit.hopcdn.com:3699/s","https://dyn-dshw.wayne-decide.org:8034/s","https://dyn-angf.common-faced.com:1711/s","https://dyn-vvhx.gained-berlin.org:5836/s","https://dyn-qfyn.menus.life:3570/s","https://dyn-tzls.try9.net:10717/s","https://dyn-ryks.defend-broad.org:2414/s","https://dyn-ltux.korea-injured.com:1937/s","https://dyn-vxpj.pimmel.top:10796/s","https://dyn-fhhs.rules-tiger.org:1026/s","https://dyn-frwv.thegrand.top:1991/s","https://dyn-exfz.crimes-segment.net:1604/s","https://dyn-xbrl.bedroom.life:5703/s","https://dyn-jfth.moral.fun:10104/s","https://dyn-kjmw.diltwo.com:7885/s","https://dyn-cjvz.tribal-enjoy.com:7363/s","https://dyn-cbwb.thirty-raise.net:9901/s","https://dyn-kxvv.freestat.org:3312/s","https://dyn-clvk.dylan-roland.info:11021/s","https://dyn-qcpx.dirty-derby.net:1518/s","https://dyn-fgfb.cnt2.net:6195/s","https://dyn-fgqx.applies.top:8144/s","https://dyn-lajw.topcdn.org:6535/s","https://dyn-ixya.colon-teddy.fun:7540/s","https://dyn-qxjs.dealt.ooo:3719/s","https://dyn-ywli.enters-simply.net:2265/s","https://dyn-aaao.fixes-fellow.com:7471/s","https://dyn-ijvd.try9.net:4024/s","https://dyn-rzjf.loads-mariah.com:10538/s","https://dyn-fsvw.condo-forest.net:3970/s","https://dyn-fhwq.lender.fun:1693/s","https://dyn-nxlw.diltwo.com:10599/s","https://dyn-ayow.crimes-segment.net:6656/s","https://dyn-hjgy.referred.ooo:1327/s","https://dyn-cczo.applies.top:3795/s","https://dyn-ptuq.wayne-decide.org:6117/s","https://dyn-ummq.stood.fun:8007/s","https://dyn-shtz.dealt.ooo:8716/s","https://dyn-mghx.cnt2.net:7094/s","https://dyn-ylxd.thirty-raise.net:2865/s","https://dyn-wfgw.defend-broad.org:2630/s","https://dyn-sduu.topcdn.org:2854/s","https://dyn-gsmi.condo-forest.net:4410/s","https://dyn-lhte.cameron-brian.net:2261/s","https://dyn-iimi.enters-simply.net:4863/s","https://dyn-kghp.dylan-roland.info:3978/s","https://dyn-bcwh.gamingmaster.xyz:3500/s","https://dyn-mnsq.hopcdn.com:10414/s","https://dyn-dsyu.clicking.ooo:8463/s","https://dyn-hzqz.pluto3.org:8637/s","https://dyn-uzze.cameron-brian.net:4282/s","https://dyn-pgtg.cnt2.net:1258/s","https://dyn-zjev.fixes-fellow.com:10655/s","https://dyn-cgym.topcdn.org:3851/s","https://dyn-nusg.column-total.net:2771/s","https://dyn-sbpn.delay.ooo:6967/s","https://dyn-riue.sought.fun:1347/s","https://dyn-ofxw.delay.ooo:2124/s","https://dyn-wnie.prior.world:10276/s","https://dyn-nine.condo-forest.net:9189/s","https://dyn-wnlk.barriers-rides.net:7547/s","https://dyn-quiz.prior.world:10012/s","https://dyn-antw.articles-subtle.net:2221/s","https://dyn-dxdb.greece-china.net:8231/s","https://dyn-vqcc.lender.fun:11015/s","https://dyn-fknj.klafive.com:10328/s","https://dyn-vdlt.fixes-fellow.com:2844/s","https://dyn-cnlb.seems.info:9254/s","https://dyn-zdkg.prior.world:2582/s","https://dyn-yama.clicking.ooo:10605/s","https://dyn-veku.loads-mariah.com:1807/s","https://dyn-upkk.tracks.fun:5916/s","https://dyn-zxjt.greece-china.net:9898/s","https://dyn-fbgc.killed.world:5356/s","https://dyn-sxdy.pluto3.org:6734/s","https://dyn-omky.charged.fun:4907/s","https://dyn-kawo.priced.site:4622/s","https://dyn-kwsc.applies.top:4168/s","https://dyn-dyim.gained-berlin.org:10386/s","https://dyn-jynq.bless-charter.net:1096/s","https://dyn-vzov.bedroom.life:6240/s","https://dyn-jxhl.crimes-segment.net:10668/s","https://dyn-tgqp.fixes-fellow.com:5736/s","https://dyn-ereu.earth-dying.com:7412/s","https://dyn-mvtw.rules-tiger.org:7238/s","https://dyn-jnpk.wealth-arcade.com:1960/s","https://dyn-qjsd.articles-subtle.net:8370/s","https://dyn-bmcy.dryer.life:7460/s","https://dyn-iulm.priced.top:9544/s","https://dyn-ybzj.faith-invasion.com:5726/s","https://dyn-bjfz.seems.info:7272/s","https://dyn-pxei.articles-subtle.net:4826/s","https://dyn-yvlm.2po.info:5012/s","https://dyn-gvyh.stood.fun:9268/s","https://dyn-nyyq.applies.top:2175/s","https://dyn-xdcl.referred.ooo:1317/s","https://dyn-adsk.rules-tiger.org:6784/s","https://dyn-tlxh.rotation.fun:10497/s","https://dyn-reav.cameron-brian.net:9377/s","https://dyn-tvni.excerpt.info:7664/s","https://dyn-gvpd.earth-dying.com:6477/s","https://dyn-yant.hopcdn.com:9222/s","https://dyn-gfib.penny-karen.com:7005/s","https://dyn-zlem.gamingmaster.xyz:3183/s","https://dyn-omhi.gamingmaster.xyz:2385/s","https://dyn-nqyw.wealth-arcade.com:7150/s","https://dyn-kpkd.radical.fun:8044/s","https://dyn-vhia.topcdn.org:8032/s","https://dyn-qulb.fixes-fellow.com:2361/s","https://dyn-suif.moral.fun:8970/s","https://dyn-fvjc.tracks.fun:8935/s","https://dyn-miwg.penny-karen.com:4542/s","https://dyn-lbso.column-total.net:6231/s","https://dyn-hpor.penny-karen.com:1415/s","https://dyn-ndtv.prior.world:4880/s","https://dyn-ddnj.wealth-arcade.com:4534/s","https://dyn-isah.restrict.ooo:3639/s","https://dyn-eagc.stood.fun:6449/s","https://dyn-fhpf.optics-thing.com:5018/s","https://dyn-dbob.thegrand.top:9983/s","https://dyn-nkhb.charged.fun:2169/s","https://dyn-mdyi.stood.fun:6033/s","https://dyn-hlki.delay.ooo:6311/s","https://dyn-noxb.colon-teddy.fun:7131/s","https://dyn-qiow.spies.ooo:4688/s","https://dyn-cwkd.trips.ooo:5557/s","https://dyn-qqsv.killed.world:9414/s","https://dyn-fjhu.thegrand.top:4238/s","https://dyn-xtxl.common-faced.com:2481/s","https://dyn-ucmc.penny-karen.com:7032/s","https://dyn-ytpw.tracks.fun:2022/s","https://dyn-ufht.title-father.com:2583/s","https://dyn-wmlr.seats-robbie.com:1963/s","https://dyn-nxas.topcdn.org:5834/s","https://dyn-yaih.trips.ooo:9184/s","https://dyn-ryrr.stood.fun:1683/s","https://dyn-zmxv.cd-n.net:1327/s","https://dyn-nyxl.defend-broad.org:4647/s","https://dyn-ppyw.earth-dying.com:6473/s","https://dyn-xcsy.clicking.ooo:2135/s","https://dyn-pjvw.dirty-derby.net:9954/s","https://dyn-tkhl.bless-charter.net:5575/s","https://dyn-wmhe.tribal-enjoy.com:4057/s","https://dyn-nyor.referred.ooo:10083/s","https://dyn-yylt.thirty-raise.net:9644/s","https://dyn-ejnb.hopcdn.com:4191/s","https://dyn-fzvf.dryer.life:4204/s","https://dyn-zmxj.cnt2.net:2337/s","https://dyn-txel.earth-dying.com:3197/s","https://dyn-swvq.rules-tiger.org:6482/s","https://dyn-rmdp.stood.fun:3236/s","https://dyn-cnun.pluto3.org:5175/s","https://dyn-dmja.clicking.ooo:7576/s","https://dyn-abvi.dirty-derby.net:9638/s","https://dyn-qsul.loads-mariah.com:4822/s","https://dyn-xyyx.gauge.world:9980/s","https://dyn-vnir.charged.fun:7379/s","https://dyn-ovpq.wealth-arcade.com:8995/s","https://dyn-dakh.noticed.ooo:4469/s","https://dyn-wrhl.topcdn.org:2342/s","https://dyn-dbqw.killed.world:3721/s","https://dyn-rcwi.optics-thing.com:1856/s","https://dyn-utgc.gamingmaster.xyz:6050/s","https://dyn-dxkc.klafive.com:10079/s","https://dyn-meos.defend-broad.org:1873/s","https://dyn-vdwt.priced.top:3463/s","https://dyn-gdak.enters-simply.net:9175/s","https://dyn-ubdz.bless-charter.net:1876/s","https://dyn-fxnz.freestat.org:3839/s","https://dyn-levh.prior.world:5216/s","https://dyn-nerg.fourqt.com:6779/s","https://dyn-esvm.moral.fun:5730/s","https://dyn-hogk.gauge.world:9773/s","https://dyn-olkg.fixes-fellow.com:6304/s","https://dyn-parz.optics-thing.com:1512/s","https://dyn-kruj.applies.top:10626/s","https://dyn-ejfk.pimmel.top:3394/s","https://dyn-aqvj.herein.world:9816/s","https://dyn-hubd.cameron-brian.net:2352/s","https://dyn-lryh.tribal-enjoy.com:2665/s","https://dyn-nfpp.cd-n.net:9630/s","https://dyn-cxwt.thegrand.top:6928/s","https://dyn-eesg.title-father.com:2346/s","https://dyn-pgnm.dylan-roland.info:7429/s","https://dyn-rcid.column-total.net:2217/s","https://dyn-jwsw.seems.info:8950/s","https://dyn-tjgg.bedroom.life:4551/s","https://dyn-kqvt.rules-tiger.org:8514/s","https://dyn-auqm.tribal-enjoy.com:10707/s","https://dyn-cxyw.delay.ooo:1373/s","https://dyn-slga.rules-tiger.org:2366/s","https://dyn-cssa.bless-charter.net:1653/s","https://dyn-empz.try9.net:1154/s","https://dyn-xriv.korea-injured.com:3309/s","https://dyn-fzdy.trlone.com:10375/s","https://dyn-siap.radical.fun:1730/s","https://dyn-sbth.condo-forest.net:3725/s","https://dyn-xihg.priced.top:4902/s","https://dyn-qufc.rules-tiger.org:1234/s","https://dyn-ctsl.rules-tiger.org:7160/s","https://dyn-wiyd.korea-injured.com:5968/s","https://dyn-ggnq.cream-regards.net:8388/s","https://dyn-hsph.earth-dying.com:7295/s","https://dyn-tbrc.colon-teddy.fun:4832/s","https://dyn-pebj.excerpt.info:7615/s","https://dyn-fjsb.freestat.org:10048/s","https://dyn-nbau.referred.ooo:9773/s","https://dyn-qdiv.trlone.com:5916/s","https://dyn-snxb.cd-n.net:2327/s","https://dyn-jmqo.spies.ooo:10925/s","https://dyn-geau.sought.fun:5499/s","https://dyn-cvht.dryer.life:7363/s","https://dyn-wpdv.charged.fun:6984/s","https://dyn-bogu.sought.fun:7634/s","https://dyn-jhuo.priced.site:3499/s","https://dyn-xvcy.cameron-brian.net:4155/s","https://dyn-tipv.cnt2.net:5823/s","https://dyn-bjeo.delay.ooo:8803/s","https://dyn-ijjp.cd-n.net:1615/s","https://dyn-qzwd.faith-invasion.com:9310/s","https://dyn-sycb.lender.fun:4857/s","https://dyn-mswp.try9.net:1244/s","https://dyn-ubfa.radical.fun:3734/s","https://dyn-nonj.common-faced.com:8976/s","https://dyn-hwbn.radical.fun:1216/s","https://dyn-vxna.condo-forest.net:8252/s","https://dyn-bbdh.bedroom.life:1241/s","https://dyn-rfwh.dispute.ooo:3403/s","https://dyn-ztfl.dirty-derby.net:10598/s","https://dyn-btfo.rotation.fun:10740/s","https://dyn-hjbw.try9.net:3935/s","https://dyn-rvyp.barriers-rides.net:10127/s","https://dyn-xbrz.killed.world:3503/s","https://dyn-yqrz.rules-tiger.org:9060/s","https://dyn-oflq.rotation.fun:9586/s","https://dyn-rkug.bless-charter.net:4009/s","https://dyn-dbkj.klafive.com:3444/s","https://dyn-icwh.radical.fun:10733/s","https://dyn-syia.lender.fun:1334/s","https://dyn-ienz.restrict.ooo:5988/s","https://dyn-jkam.prior.world:7113/s","https://dyn-zpnh.diltwo.com:2990/s","https://dyn-xitm.thegrand.top:5911/s","https://dyn-puzz.loads-mariah.com:3257/s","https://dyn-azag.common-faced.com:8003/s","https://dyn-iysz.tribal-enjoy.com:4293/s","https://dyn-ygyd.cd-n.net:1507/s","https://dyn-dmvz.priced.top:5454/s","https://dyn-bfan.optics-thing.com:8998/s","https://dyn-dgpb.bedroom.life:1695/s","https://dyn-ynej.klafive.com:9863/s","https://dyn-znte.2po.info:9491/s","https://dyn-jfir.penny-karen.com:4307/s","https://dyn-tdgn.fixes-fellow.com:7700/s","https://dyn-rrmk.diltwo.com:5248/s","https://dyn-npgm.cream-regards.net:2613/s","https://dyn-wili.articles-subtle.net:9529/s","https://dyn-tfin.crimes-segment.net:10376/s","https://dyn-nbjs.trips.ooo:2222/s","https://dyn-ijvf.cd-n.net:9785/s","https://dyn-prup.loads-mariah.com:10743/s","https://dyn-cnee.spies.ooo:7612/s","https://dyn-nxab.faith-invasion.com:1915/s","https://dyn-cjbq.dirty-derby.net:7927/s","https://dyn-gkie.common-faced.com:10848/s","https://dyn-dxvd.killed.world:5330/s","https://dyn-eyfu.earth-dying.com:3428/s","https://dyn-zues.loads-mariah.com:3250/s","https://dyn-ctcn.try9.net:10782/s","https://dyn-egpa.gauge.world:3553/s","https://dyn-rphv.spies.ooo:2603/s","https://dyn-wpxw.penny-karen.com:1708/s","https://dyn-rzat.dylan-roland.info:3436/s","https://dyn-lvna.topcdn.org:7315/s","https://dyn-wpft.seems.info:4214/s","https://dyn-aaus.common-faced.com:7375/s","https://dyn-ygdh.clicking.ooo:5478/s","https://dyn-dpai.clicking.ooo:1767/s","https://dyn-nvwh.articles-subtle.net:3788/s","https://dyn-oqks.penny-karen.com:5484/s","https://dyn-duwx.klafive.com:3991/s","https://dyn-ekkq.seems.info:6630/s","https://dyn-ynnh.greece-china.net:5271/s","https://dyn-waon.rules-tiger.org:5679/s","https://dyn-bhbb.greece-china.net:9053/s","https://dyn-kpkh.topcdn.org:8648/s","https://dyn-lcag.thegrand.top:5273/s","https://dyn-rqyy.noticed.ooo:5331/s","https://dyn-eggj.thirty-raise.net:10955/s","https://dyn-qqaq.2po.info:6097/s","https://dyn-wkqu.trlone.com:5318/s","https://dyn-twko.penny-karen.com:7543/s","https://dyn-eegh.cnt2.net:7560/s","https://dyn-nhnj.priced.site:4905/s","https://dyn-hnir.priced.top:9433/s","https://dyn-degn.dryer.life:6917/s","https://dyn-xrfp.optics-thing.com:8364/s","https://dyn-fgzd.restrict.ooo:1577/s","https://dyn-ifon.penny-karen.com:9834/s","https://dyn-qiwf.dryer.life:5083/s","https://dyn-ncsd.diltwo.com:9644/s","https://dyn-rwtr.hopcdn.com:4053/s","https://dyn-bpuh.gamingmaster.xyz:9120/s","https://dyn-mjam.condo-forest.net:4306/s","https://dyn-usgv.diltwo.com:2972/s","https://dyn-lvjy.applies.top:7509/s","https://dyn-jimt.seats-robbie.com:10011/s","https://dyn-wrvu.fourqt.com:4932/s","https://dyn-ptdp.wealth-arcade.com:4539/s","https://dyn-vodl.trlone.com:10591/s","https://dyn-flfk.herein.world:5946/s","https://dyn-hufr.prior.world:8215/s","https://dyn-iwbt.diltwo.com:5272/s","https://dyn-rtgp.herein.world:4933/s","https://dyn-fyyf.2po.info:6876/s","https://dyn-jcgq.2po.info:6676/s","https://dyn-ihkk.diltwo.com:1977/s","https://dyn-ezhn.cnt2.net:3548/s","https://dyn-aexs.seats-robbie.com:2499/s","https://dyn-cvll.dealt.ooo:2102/s","https://dyn-xcjw.title-father.com:6371/s","https://dyn-lqqt.seats-robbie.com:7784/s","https://dyn-dfoa.lender.fun:7343/s","https://dyn-owjc.earth-dying.com:1885/s","https://dyn-axzw.restrict.ooo:5414/s","https://dyn-bhsr.dylan-roland.info:1551/s","https://dyn-jnmo.noticed.ooo:4004/s","https://dyn-xtzr.seats-robbie.com:5083/s","https://dyn-nxrq.column-total.net:3078/s","https://dyn-ihch.freestat.org:3391/s","https://dyn-utvl.menus.life:8148/s","https://dyn-rywo.clicking.ooo:7797/s","https://dyn-mles.dealt.ooo:3509/s","https://dyn-tyoa.lender.fun:5212/s","https://dyn-wusn.trlone.com:2095/s","https://dyn-agjg.dispute.ooo:9889/s","https://dyn-cusx.radical.fun:1911/s","https://dyn-lseb.pimmel.top:6845/s","https://dyn-xtpq.cream-regards.net:10919/s","https://dyn-clqs.dylan-roland.info:1648/s","https://dyn-llai.korea-injured.com:4636/s","https://dyn-etqn.crimes-segment.net:9509/s","https://dyn-odma.spies.ooo:9523/s","https://dyn-fxqq.crimes-segment.net:9421/s","https://dyn-qrof.thirty-raise.net:5333/s","https://dyn-qifc.penny-karen.com:8306/s","https://dyn-njcf.thirty-raise.net:1826/s","https://dyn-bxxm.prior.world:7517/s","https://dyn-oawt.gained-berlin.org:3490/s","https://dyn-pxll.herein.world:10087/s","https://dyn-rauh.barriers-rides.net:10686/s","https://dyn-iybw.moral.fun:8106/s","https://dyn-uxyc.rotation.fun:2139/s","https://dyn-edpx.barriers-rides.net:2135/s","https://dyn-euzq.dylan-roland.info:9310/s","https://dyn-hbtz.gamingmaster.xyz:3137/s","https://dyn-gqzh.column-total.net:10418/s","https://dyn-mpys.gamingmaster.xyz:10447/s","https://dyn-ijcq.title-father.com:3735/s","https://dyn-otmb.dryer.life:9819/s","https://dyn-aqzl.dryer.life:8319/s","https://dyn-suyk.condo-forest.net:2145/s","https://dyn-mesg.freestat.org:9086/s","https://dyn-syct.gamingmaster.xyz:7492/s","https://dyn-pxnj.freestat.org:4204/s","https://dyn-nvsc.cd-n.net:4505/s","https://dyn-raoe.killed.world:9762/s","https://dyn-dxre.rules-tiger.org:8479/s","https://dyn-qlen.rules-tiger.org:4665/s","https://dyn-ahgp.articles-subtle.net:1385/s","https://dyn-rrmq.tracks.fun:5208/s","https://dyn-nstv.crimes-segment.net:2578/s","https://dyn-nwnv.seats-robbie.com:5318/s","https://dyn-xbza.enters-simply.net:8521/s","https://dyn-tssy.cream-regards.net:4604/s","https://dyn-adls.dirty-derby.net:9842/s","https://dyn-whad.cameron-brian.net:5434/s","https://dyn-stuy.thegrand.top:5420/s","https://dyn-zpgf.trips.ooo:6487/s","https://dyn-omwr.enters-simply.net:4231/s","https://dyn-mzty.fixes-fellow.com:7462/s","https://dyn-mbrx.pluto3.org:4947/s","https://dyn-dzon.dispute.ooo:6555/s","https://dyn-wryh.pimmel.top:10668/s","https://dyn-dmbb.cream-regards.net:3100/s","https://dyn-iaxl.crimes-segment.net:8436/s","https://dyn-mmuy.greece-china.net:2205/s","https://dyn-upmv.title-father.com:2720/s","https://dyn-unzf.killed.world:5578/s","https://dyn-zcuj.tribal-enjoy.com:1080/s","https://dyn-exij.tribal-enjoy.com:9296/s","https://dyn-bhha.topcdn.org:6880/s","https://dyn-kfpv.bedroom.life:9373/s","https://dyn-wygs.restrict.ooo:1523/s","https://dyn-fhlb.freestat.org:5983/s","https://dyn-ruwj.greece-china.net:6233/s","https://dyn-pkjx.excerpt.info:2167/s","https://dyn-frso.dealt.ooo:10198/s","https://dyn-weka.spies.ooo:2240/s","https://dyn-jwpx.wealth-arcade.com:5250/s","https://dyn-femx.klafive.com:3422/s","https://dyn-seme.thegrand.top:5389/s","https://dyn-iuvi.hopcdn.com:5697/s","https://dyn-fnbs.excerpt.info:1217/s","https://dyn-brti.dirty-derby.net:8959/s","https://dyn-esoe.lender.fun:6786/s","https://dyn-dfcb.killed.world:1494/s","https://dyn-xhfs.tribal-enjoy.com:5982/s","https://dyn-jhto.applies.top:6477/s","https://dyn-uvko.articles-subtle.net:1619/s","https://dyn-cwcx.faith-invasion.com:2330/s","https://dyn-dlrf.stood.fun:4897/s","https://dyn-jpuf.thegrand.top:6689/s","https://dyn-mybn.thirty-raise.net:4307/s","https://dyn-rhsu.dylan-roland.info:7935/s","https://dyn-iuyh.column-total.net:9088/s","https://dyn-dpma.noticed.ooo:6115/s","https://dyn-jwfx.bedroom.life:6714/s","https://dyn-bhfy.bedroom.life:1925/s","https://dyn-qher.enters-simply.net:5277/s","https://dyn-jctq.restrict.ooo:9270/s","https://dyn-ylcs.stood.fun:7189/s","https://dyn-lyhw.common-faced.com:2090/s","https://dyn-ezlt.radical.fun:8982/s","https://dyn-jzci.moral.fun:1210/s","https://dyn-mpbs.wayne-decide.org:8006/s","https://dyn-iapy.charged.fun:1455/s","https://dyn-huun.bless-charter.net:3051/s","https://dyn-igut.delay.ooo:5587/s","https://dyn-xblm.earth-dying.com:1269/s","https://dyn-fuqp.condo-forest.net:7405/s","https://dyn-slyz.cream-regards.net:6846/s","https://dyn-pxti.bedroom.life:1697/s","https://dyn-wlwy.thirty-raise.net:5849/s","https://dyn-decu.herein.world:7259/s","https://dyn-kihl.clicking.ooo:1878/s","https://dyn-sgla.cream-regards.net:7884/s","https://dyn-geiu.tribal-enjoy.com:4846/s","https://dyn-mrft.freestat.org:1754/s","https://dyn-fybc.cream-regards.net:5278/s","https://dyn-gkqz.spies.ooo:5336/s","https://dyn-nxmn.noticed.ooo:6333/s","https://dyn-vbdg.greece-china.net:8691/s","https://dyn-euuf.cnt2.net:3505/s","https://dyn-qjfb.cream-regards.net:1490/s","https://dyn-buhr.killed.world:8905/s","https://dyn-nvti.topcdn.org:7285/s","https://dyn-poyi.dylan-roland.info:2640/s","https://dyn-luei.try9.net:6914/s","https://dyn-ihvo.colon-teddy.fun:2678/s","https://dyn-gqhh.dylan-roland.info:3204/s","https://dyn-deso.gained-berlin.org:8177/s","https://dyn-idux.referred.ooo:3213/s","https://dyn-hbbx.cnt2.net:5836/s","https://dyn-uomw.applies.top:4709/s","https://dyn-jyeh.diltwo.com:5092/s","https://dyn-fzle.penny-karen.com:2923/s","https://dyn-rbxf.enters-simply.net:1425/s","https://dyn-ytgx.cnt2.net:7540/s","https://dyn-pooo.cream-regards.net:1832/s","https://dyn-qaks.noticed.ooo:10303/s","https://dyn-bcqw.penny-karen.com:6718/s","https://dyn-mona.loads-mariah.com:2790/s","https://dyn-bcre.pimmel.top:8125/s","https://dyn-dtes.thegrand.top:6555/s","https://dyn-gsvk.klafive.com:5231/s","https://dyn-azbn.colon-teddy.fun:6044/s","https://dyn-lcvf.column-total.net:4143/s","https://dyn-ryer.tracks.fun:5043/s","https://dyn-vwri.wayne-decide.org:6027/s","https://dyn-ahge.wealth-arcade.com:7924/s","https://dyn-wfam.enters-simply.net:5917/s","https://dyn-wqxb.rotation.fun:8242/s","https://dyn-gbjo.menus.life:5577/s","https://dyn-lxfe.loads-mariah.com:4565/s","https://dyn-gmfj.dylan-roland.info:1760/s","https://dyn-xisj.pluto3.org:6367/s","https://dyn-llpw.colon-teddy.fun:10823/s","https://dyn-cjjf.freestat.org:4567/s","https://dyn-kkko.fixes-fellow.com:4409/s","https://dyn-otzk.charged.fun:3123/s","https://dyn-mkms.rotation.fun:5127/s","https://dyn-kovl.gauge.world:8670/s","https://dyn-yxlv.korea-injured.com:10715/s","https://dyn-jmxq.thegrand.top:3899/s","https://dyn-aolw.colon-teddy.fun:2240/s","https://dyn-flyg.column-total.net:3101/s","https://dyn-cgaw.excerpt.info:2975/s","https://dyn-szhf.dispute.ooo:10791/s","https://dyn-zqvf.pimmel.top:6527/s","https://dyn-itkn.tribal-enjoy.com:1276/s","https://dyn-iggl.diltwo.com:4573/s","https://dyn-xvto.common-faced.com:4573/s","https://dyn-kxny.earth-dying.com:4573/s","https://dyn-pzfa.dryer.life:4573/s","https://dyn-esce.cnt2.net:4573/s","https://dyn-exrf.menus.life:4573/s","https://dyn-nojq.defend-broad.org:2917/s","https://dyn-ijpe.trips.ooo:4140/s","https://dyn-umwn.common-faced.com:6719/s","https://dyn-vfsf.noticed.ooo:4789/s","https://dyn-ntma.barriers-rides.net:2507/s","https://dyn-cajw.common-faced.com:3657/s","https://dyn-bqce.priced.top:10080/s","https://dyn-rngg.dylan-roland.info:5110/s","https://dyn-snxr.stood.fun:2227/s","https://dyn-yvzx.priced.top:9592/s","https://dyn-wbls.gauge.world:10490/s","https://dyn-tpnd.thirty-raise.net:3432/s","https://dyn-cwaf.moral.fun:4711/s","https://dyn-xpyp.charged.fun:9413/s","https://dyn-rluj.barriers-rides.net:2120/s","https://dyn-gfie.defend-broad.org:2655/s","https://dyn-kbgb.trlone.com:7319/s","https://dyn-npyk.dispute.ooo:3041/s","https://dyn-vfir.articles-subtle.net:2594/s","https://dyn-cugg.diltwo.com:1098/s","https://dyn-ezrn.gamingmaster.xyz:8230/s","https://dyn-eehr.condo-forest.net:3529/s","https://dyn-phee.noticed.ooo:3158/s","https://dyn-rwfb.pimmel.top:2790/s","https://dyn-wlbb.tracks.fun:1555/s","https://dyn-zhsz.lender.fun:2584/s","https://dyn-gait.greece-china.net:6644/s","https://dyn-rvnf.killed.world:3900/s","https://dyn-tnuj.2po.info:2945/s","https://dyn-xjie.priced.top:8672/s","https://dyn-yhss.wayne-decide.org:10996/s","https://dyn-owrg.articles-subtle.net:7740/s","https://dyn-iril.wayne-decide.org:7798/s","https://dyn-pyqi.menus.life:6825/s","https://dyn-skel.wayne-decide.org:1246/s","https://dyn-lzhz.colon-teddy.fun:6917/s","https://dyn-tyro.tribal-enjoy.com:10838/s","https://dyn-unle.hopcdn.com:8010/s","https://dyn-dssg.diltwo.com:1750/s","https://dyn-wzqm.rules-tiger.org:3050/s","https://dyn-znga.diltwo.com:5221/s","https://dyn-mseb.greece-china.net:6053/s","https://dyn-eeju.dirty-derby.net:8939/s","https://dyn-komz.cnt2.net:3914/s","https://dyn-tgbu.moral.fun:2946/s","https://dyn-meih.stood.fun:1136/s","https://dyn-lwpe.delay.ooo:1589/s","https://dyn-xtmp.priced.site:5172/s","https://dyn-rjmu.tracks.fun:2700/s","https://dyn-thvu.priced.site:9816/s","https://dyn-odnj.sought.fun:1036/s","https://dyn-btkr.clicking.ooo:7417/s","https://dyn-vdms.korea-injured.com:5360/s","https://dyn-pefw.fourqt.com:7924/s","https://dyn-mvyy.clicking.ooo:10550/s","https://dyn-mprx.wayne-decide.org:3406/s","https://dyn-avfr.gauge.world:6209/s","https://dyn-jpdg.thegrand.top:5226/s","https://dyn-bygc.dispute.ooo:5527/s","https://dyn-mltq.condo-forest.net:2332/s","https://dyn-hdyp.dispute.ooo:4499/s","https://dyn-gwio.barriers-rides.net:7443/s","https://dyn-jcrx.hopcdn.com:10775/s","https://dyn-wgdt.articles-subtle.net:5037/s","https://dyn-lbcj.korea-injured.com:6111/s","https://dyn-esgq.charged.fun:4182/s","https://dyn-ntdi.bedroom.life:7327/s","https://dyn-nwlw.gauge.world:5163/s","https://dyn-mpoc.enters-simply.net:6516/s","https://dyn-ldym.lender.fun:7745/s","https://dyn-mwzk.sought.fun:3256/s","https://dyn-evvv.rules-tiger.org:1197/s","https://dyn-cxyy.wayne-decide.org:1260/s","https://dyn-mdsw.dispute.ooo:10300/s","https://dyn-ajxu.restrict.ooo:8729/s","https://dyn-jflv.2po.info:6602/s","https://dyn-ntfa.common-faced.com:9773/s","https://dyn-gtzl.bedroom.life:6395/s","https://dyn-mrxk.column-total.net:1533/s","https://dyn-dvob.gamingmaster.xyz:7537/s","https://dyn-swku.thirty-raise.net:1710/s","https://dyn-uucm.herein.world:10628/s","https://dyn-jabz.enters-simply.net:6723/s","https://dyn-rvqc.loads-mariah.com:9757/s","https://dyn-xnpq.earth-dying.com:9606/s","https://dyn-pjqu.crimes-segment.net:2754/s","https://dyn-fezp.dylan-roland.info:1279/s","https://dyn-wvxt.delay.ooo:10456/s","https://dyn-ivpw.penny-karen.com:3582/s","https://dyn-kvxb.earth-dying.com:3817/s","https://dyn-xkcg.topcdn.org:9452/s","https://dyn-abxy.gained-berlin.org:4343/s","https://dyn-pgxw.tracks.fun:10794/s","https://dyn-khwv.common-faced.com:6967/s","https://dyn-mwqd.loads-mariah.com:1268/s","https://dyn-fbjh.bless-charter.net:2359/s","https://dyn-swsp.defend-broad.org:7680/s","https://dyn-jvsb.greece-china.net:11014/s","https://dyn-wccg.noticed.ooo:10594/s","https://dyn-mmrv.wayne-decide.org:4554/s","https://dyn-mynm.topcdn.org:5515/s","https://dyn-ewzn.gauge.world:6936/s","https://dyn-ygvs.thirty-raise.net:1893/s","https://dyn-cwpz.spies.ooo:7012/s","https://dyn-flbi.cameron-brian.net:8830/s","https://dyn-agyb.lender.fun:9960/s","https://dyn-wjew.radical.fun:1411/s","https://dyn-houe.clicking.ooo:7475/s","https://dyn-igdi.condo-forest.net:7607/s","https://dyn-ounv.radical.fun:1306/s","https://dyn-rspq.clicking.ooo:1857/s","https://dyn-gppg.moral.fun:3598/s","https://dyn-jvqx.wayne-decide.org:5920/s","https://dyn-kxoj.fourqt.com:8862/s","https://dyn-vice.clicking.ooo:8634/s","https://dyn-hnot.pimmel.top:10811/s","https://dyn-vvjm.priced.site:4552/s","https://dyn-kijo.articles-subtle.net:8308/s","https://dyn-udny.spies.ooo:8983/s","https://dyn-bkit.rules-tiger.org:3406/s","https://dyn-siir.seats-robbie.com:10334/s","https://dyn-dbod.pluto3.org:1608/s","https://dyn-tkpw.bedroom.life:4757/s","https://dyn-jcel.dryer.life:8868/s","https://dyn-orce.radical.fun:10619/s","https://dyn-adfn.killed.world:6162/s","https://dyn-aogl.herein.world:5077/s","https://dyn-pjam.trips.ooo:2435/s","https://dyn-thdb.clicking.ooo:8980/s","https://dyn-vyun.optics-thing.com:4327/s","https://dyn-remm.topcdn.org:9356/s","https://dyn-xaan.lender.fun:9137/s","https://dyn-nalj.crimes-segment.net:10094/s","https://dyn-nozi.cnt2.net:7125/s","https://dyn-ozti.herein.world:1316/s","https://dyn-mlzh.priced.top:2629/s","https://dyn-xbjg.thegrand.top:1336/s","https://dyn-xuzl.loads-mariah.com:7906/s","https://dyn-sigg.priced.top:9566/s","https://dyn-vtpp.earth-dying.com:7355/s","https://dyn-stmz.priced.site:5220/s","https://dyn-dsye.topcdn.org:4846/s","https://dyn-cbkb.wealth-arcade.com:1381/s","https://dyn-vodn.priced.top:5892/s","https://dyn-oxtq.common-faced.com:9047/s","https://dyn-wlyb.clicking.ooo:10345/s","https://dyn-cxsg.thirty-raise.net:5353/s","https://dyn-qbhb.stood.fun:4321/s","https://dyn-qcck.tribal-enjoy.com:3755/s","https://dyn-gaah.priced.site:8475/s","https://dyn-uops.title-father.com:6539/s","https://dyn-plwg.enters-simply.net:1248/s","https://dyn-vwek.dryer.life:4199/s","https://dyn-cjuh.barriers-rides.net:8132/s","https://dyn-ubil.defend-broad.org:5296/s","https://dyn-mndx.menus.life:10086/s","https://dyn-qffs.cnt2.net:5262/s","https://dyn-ghit.earth-dying.com:5510/s","https://dyn-dnir.stood.fun:1238/s","https://dyn-zfcj.faith-invasion.com:6751/s","https://dyn-brpa.articles-subtle.net:3548/s","https://dyn-ztha.menus.life:6846/s","https://dyn-qogz.gained-berlin.org:1902/s","https://dyn-zjps.loads-mariah.com:2750/s","https://dyn-kvau.menus.life:8044/s","https://dyn-bluj.common-faced.com:7985/s","https://dyn-fvoz.try9.net:3133/s","https://dyn-wedn.gamingmaster.xyz:7021/s","https://dyn-crfc.dylan-roland.info:6340/s","https://dyn-udfo.excerpt.info:10008/s","https://dyn-labe.optics-thing.com:1236/s","https://dyn-rggt.clicking.ooo:4401/s","https://dyn-xcig.loads-mariah.com:6750/s","https://dyn-pjwd.gamingmaster.xyz:8520/s","https://dyn-zxxs.spies.ooo:10208/s","https://dyn-ydzc.rotation.fun:9125/s","https://dyn-jgph.cnt2.net:9754/s","https://dyn-rgxc.restrict.ooo:1893/s","https://dyn-yeej.cameron-brian.net:1426/s","https://dyn-cpkn.herein.world:1371/s","https://dyn-dgxo.2po.info:1134/s","https://dyn-qpyp.dealt.ooo:2966/s","https://dyn-zzpm.trips.ooo:3797/s","https://dyn-gljx.fixes-fellow.com:9149/s","https://dyn-yskc.seats-robbie.com:6385/s","https://dyn-jyfe.clicking.ooo:3709/s","https://dyn-cbfy.enters-simply.net:2208/s","https://dyn-bsql.cream-regards.net:5984/s","https://dyn-hqoo.restrict.ooo:9409/s","https://dyn-ajtr.tribal-enjoy.com:8260/s","https://dyn-urxp.referred.ooo:6784/s","https://dyn-ghyq.dealt.ooo:1448/s","https://dyn-yntv.trlone.com:2163/s","https://dyn-obvn.loads-mariah.com:2723/s","https://dyn-dajn.cameron-brian.net:8878/s","https://dyn-fddo.fourqt.com:3019/s","https://dyn-eino.priced.site:6942/s","https://dyn-dflw.bedroom.life:10420/s","https://dyn-inrx.fixes-fellow.com:5803/s","https://dyn-sevy.seems.info:3427/s","https://dyn-adya.colon-teddy.fun:10342/s","https://dyn-hmyd.lender.fun:1812/s","https://dyn-cpdb.gamingmaster.xyz:9337/s","https://dyn-czkz.klafive.com:2798/s","https://dyn-hzwm.lender.fun:10378/s","https://dyn-bwpx.priced.site:3745/s","https://dyn-aqbj.loads-mariah.com:3455/s","https://dyn-aasy.condo-forest.net:4481/s","https://dyn-qggb.dispute.ooo:1384/s","https://dyn-cuky.sought.fun:2746/s","https://dyn-ktdu.applies.top:3266/s","https://dyn-cljg.excerpt.info:3197/s","https://dyn-exwi.trlone.com:4793/s","https://dyn-npvr.gamingmaster.xyz:4358/s","https://dyn-ifhg.title-father.com:5117/s","https://dyn-lzzs.thirty-raise.net:6471/s","https://dyn-qusn.applies.top:4161/s","https://dyn-rqkg.try9.net:6376/s","https://dyn-zyya.rotation.fun:6921/s","https://dyn-knze.dryer.life:3153/s","https://dyn-kgtc.tracks.fun:3030/s","https://dyn-ncns.thirty-raise.net:4855/s","https://dyn-ithu.wayne-decide.org:7797/s","https://dyn-jmtm.rules-tiger.org:5692/s","https://dyn-ojmx.dylan-roland.info:9637/s","https://dyn-kkmq.spies.ooo:3803/s","https://dyn-xuly.common-faced.com:2968/s","https://dyn-ajzz.seems.info:3069/s","https://dyn-bugn.earth-dying.com:3363/s","https://dyn-njcv.restrict.ooo:2747/s","https://dyn-agjz.gained-berlin.org:1159/s","https://dyn-niha.radical.fun:5053/s","https://dyn-umjp.spies.ooo:3203/s","https://dyn-rudi.trlone.com:5176/s","https://dyn-xcga.dispute.ooo:3829/s","https://dyn-eydx.excerpt.info:9747/s","https://dyn-qdgg.greece-china.net:9222/s","https://dyn-hvmu.pluto3.org:8232/s","https://dyn-yyod.sought.fun:5205/s","https://dyn-gvak.tribal-enjoy.com:2350/s","https://dyn-wbhe.lender.fun:9612/s","https://dyn-ehoa.applies.top:6204/s","https://dyn-mzgt.earth-dying.com:2885/s","https://dyn-fftc.pimmel.top:1380/s","https://dyn-rvar.herein.world:9043/s","https://dyn-jrug.klafive.com:3302/s","https://dyn-lvla.barriers-rides.net:8481/s","https://dyn-llnn.defend-broad.org:4632/s","https://dyn-qins.wealth-arcade.com:5740/s","https://dyn-cfcv.thirty-raise.net:5995/s","https://dyn-suor.articles-subtle.net:5350/s","https://dyn-ufpf.seats-robbie.com:2279/s","https://dyn-mafd.priced.top:3859/s","https://dyn-ibrl.cd-n.net:3602/s","https://dyn-ytoe.thegrand.top:8913/s","https://dyn-pdea.2po.info:10410/s","https://dyn-grtl.restrict.ooo:3537/s","https://dyn-uqrp.priced.top:2467/s","https://dyn-vohm.title-father.com:7179/s","https://dyn-czrc.greece-china.net:3634/s","https://dyn-cgas.colon-teddy.fun:9258/s","https://dyn-gbml.dealt.ooo:3647/s","https://dyn-snjq.korea-injured.com:1452/s","https://dyn-pfhu.earth-dying.com:8990/s","https://dyn-xfqw.priced.site:8678/s","https://dyn-miyk.colon-teddy.fun:5211/s","https://dyn-ntqx.bedroom.life:4478/s","https://dyn-anei.barriers-rides.net:4668/s","https://dyn-mjgq.clicking.ooo:10525/s","https://dyn-mnsc.dirty-derby.net:3370/s","https://dyn-vpxd.charged.fun:7503/s","https://dyn-yrxm.rules-tiger.org:2802/s","https://dyn-fhhp.gauge.world:8155/s","https://dyn-oofn.greece-china.net:10340/s","https://dyn-jysc.pluto3.org:9582/s","https://dyn-ihyr.tribal-enjoy.com:7261/s","https://dyn-vyls.condo-forest.net:2520/s","https://dyn-uzhz.common-faced.com:5749/s","https://dyn-oqjr.common-faced.com:2234/s","https://dyn-tjeu.gained-berlin.org:10952/s","https://dyn-gkof.defend-broad.org:6745/s","https://dyn-psoq.rotation.fun:3257/s","https://dyn-cchm.delay.ooo:10977/s","https://dyn-wqiz.barriers-rides.net:8243/s","https://dyn-qpyd.crimes-segment.net:5054/s","https://dyn-nzjs.radical.fun:2273/s","https://dyn-czry.cream-regards.net:3590/s","https://dyn-tkez.priced.site:5262/s","https://dyn-vifn.moral.fun:7708/s","https://dyn-uusx.barriers-rides.net:3609/s","https://dyn-krhl.excerpt.info:6622/s","https://dyn-vapg.topcdn.org:6310/s","https://dyn-xpvq.wayne-decide.org:10012/s","https://dyn-dnlp.referred.ooo:8289/s","https://dyn-qezm.delay.ooo:10583/s","https://dyn-cnrr.diltwo.com:3544/s","https://dyn-ujcp.try9.net:2279/s","https://dyn-jttg.bless-charter.net:7226/s","https://dyn-lxio.trips.ooo:7377/s","https://dyn-mamo.killed.world:1731/s","https://dyn-cmgg.defend-broad.org:8195/s","https://dyn-wlfc.loads-mariah.com:4807/s","https://dyn-pwvc.penny-karen.com:10665/s","https://dyn-mnfy.earth-dying.com:2880/s","https://dyn-psuu.killed.world:8048/s","https://dyn-ywwk.noticed.ooo:6218/s","https://dyn-qimq.gained-berlin.org:10138/s","https://dyn-xyqk.killed.world:5945/s","https://dyn-qnss.freestat.org:1693/s","https://dyn-lfvo.common-faced.com:6571/s","https://dyn-ikir.thirty-raise.net:4687/s","https://dyn-vtis.klafive.com:3000/s","https://dyn-rzax.applies.top:3575/s","https://dyn-wgdr.thirty-raise.net:9007/s","https://dyn-qlyc.seats-robbie.com:10436/s","https://dyn-esth.bless-charter.net:7439/s","https://dyn-cvkb.tracks.fun:2301/s","https://dyn-bjsc.cameron-brian.net:7036/s","https://dyn-bguw.moral.fun:4453/s","https://dyn-hxzt.2po.info:1214/s","https://dyn-lcfb.cameron-brian.net:4117/s","https://dyn-dyeo.fixes-fellow.com:3956/s","https://dyn-fqba.delay.ooo:5941/s","https://dyn-nflu.articles-subtle.net:10847/s","https://dyn-khxd.prior.world:10657/s","https://dyn-tisg.referred.ooo:9101/s","https://dyn-evsg.referred.ooo:2845/s","https://dyn-digh.dylan-roland.info:5191/s","https://dyn-qhio.moral.fun:10981/s","https://dyn-wzav.pimmel.top:9243/s","https://dyn-qnuk.clicking.ooo:4906/s","https://dyn-emyj.trips.ooo:7073/s","https://dyn-rldj.charged.fun:5985/s","https://dyn-cbgn.delay.ooo:6930/s","https://dyn-hgud.prior.world:1048/s","https://dyn-koiq.bless-charter.net:5769/s","https://dyn-uhww.diltwo.com:1715/s","https://dyn-lgug.noticed.ooo:2807/s","https://dyn-clgp.optics-thing.com:3250/s","https://dyn-olsf.noticed.ooo:9543/s","https://dyn-fkcm.sought.fun:1227/s","https://dyn-xohz.clicking.ooo:8331/s","https://dyn-ywvc.loads-mariah.com:2454/s","https://dyn-ovkr.killed.world:7551/s","https://dyn-myrz.gauge.world:4177/s","https://dyn-akzk.wayne-decide.org:7353/s","https://dyn-tith.diltwo.com:10714/s","https://dyn-qnjc.gamingmaster.xyz:10705/s","https://dyn-zimt.gauge.world:2585/s","https://dyn-aaef.stood.fun:10279/s","https://dyn-dhof.try9.net:7843/s","https://dyn-zydh.hopcdn.com:9363/s","https://dyn-zurk.wealth-arcade.com:3318/s","https://dyn-qmdl.thirty-raise.net:3161/s","https://dyn-znwy.dirty-derby.net:2795/s","https://dyn-wfcd.cream-regards.net:1228/s","https://dyn-hxrg.gained-berlin.org:8261/s","https://dyn-baaa.faith-invasion.com:3968/s","https://dyn-xogp.korea-injured.com:10122/s","https://dyn-jlsg.fixes-fellow.com:2721/s","https://dyn-wayb.restrict.ooo:2300/s","https://dyn-qeep.rotation.fun:9097/s","https://dyn-gexb.applies.top:4079/s","https://dyn-mznw.faith-invasion.com:1107/s","https://dyn-kxhx.defend-broad.org:9452/s","https://dyn-afon.fixes-fellow.com:4797/s","https://dyn-qity.condo-forest.net:2286/s","https://dyn-wuqc.title-father.com:9705/s","https://dyn-pogo.pluto3.org:3761/s","https://dyn-ddeu.korea-injured.com:10934/s","https://dyn-wgzc.faith-invasion.com:2165/s","https://dyn-peqn.excerpt.info:6169/s","https://dyn-ojzn.klafive.com:3529/s","https://dyn-nkae.bless-charter.net:9083/s","https://dyn-sdwd.column-total.net:2552/s","https://dyn-zfed.trlone.com:8767/s","https://dyn-ekny.noticed.ooo:1887/s","https://dyn-rapb.moral.fun:4312/s","https://dyn-lbfr.trips.ooo:5118/s","https://dyn-wfey.priced.top:4699/s","https://dyn-keyz.defend-broad.org:4240/s","https://dyn-naus.bless-charter.net:5050/s","https://dyn-wswx.faith-invasion.com:10232/s","https://dyn-mbyi.colon-teddy.fun:5361/s","https://dyn-fjls.herein.world:3464/s","https://dyn-chhh.barriers-rides.net:1684/s","https://dyn-yxnp.cream-regards.net:4746/s","https://dyn-zxwe.charged.fun:3990/s","https://dyn-rqsq.enters-simply.net:7726/s","https://dyn-ppiv.loads-mariah.com:10321/s","https://dyn-nzow.common-faced.com:3409/s","https://dyn-ltpe.prior.world:4683/s","https://dyn-jdwd.spies.ooo:6904/s","https://dyn-ayzn.gamingmaster.xyz:5038/s","https://dyn-qzni.fixes-fellow.com:1406/s","https://dyn-zhwd.seems.info:6072/s","https://dyn-kdfs.charged.fun:1032/s","https://dyn-zrsi.trlone.com:7500/s","https://dyn-etoe.dealt.ooo:6226/s","https://dyn-ozhb.gauge.world:10157/s","https://dyn-jzrr.trlone.com:6998/s","https://dyn-vbzm.column-total.net:9510/s","https://dyn-szgk.lender.fun:5791/s","https://dyn-ridd.cnt2.net:3226/s","https://dyn-awgd.try9.net:9097/s","https://dyn-svea.sought.fun:5295/s","https://dyn-zlyl.noticed.ooo:9374/s","https://dyn-icwk.dispute.ooo:7477/s","https://dyn-onem.diltwo.com:3550/s","https://dyn-mzmz.crimes-segment.net:9060/s","https://dyn-xeui.try9.net:2869/s","https://dyn-qdzx.referred.ooo:5826/s","https://dyn-fhsd.articles-subtle.net:9090/s","https://dyn-jveh.articles-subtle.net:4139/s","https://dyn-agcd.trlone.com:6451/s","https://dyn-ghdl.cameron-brian.net:6750/s","https://dyn-pryt.rotation.fun:3690/s","https://dyn-ufwd.freestat.org:6295/s","https://dyn-nvor.colon-teddy.fun:8185/s","https://dyn-hoxv.topcdn.org:4130/s","https://dyn-tgpx.herein.world:9825/s","https://dyn-wwad.prior.world:2110/s","https://dyn-xkvb.stood.fun:5810/s","https://dyn-wugf.dylan-roland.info:10831/s","https://dyn-muki.seats-robbie.com:10420/s","https://dyn-mmvt.applies.top:9237/s","https://dyn-wwsz.column-total.net:6531/s","https://dyn-vfyl.menus.life:10642/s","https://dyn-zqvu.clicking.ooo:5951/s","https://dyn-rdtp.klafive.com:2521/s","https://dyn-qjlb.spies.ooo:6422/s","https://dyn-rlnz.lender.fun:10161/s","https://dyn-reij.bless-charter.net:1146/s","https://dyn-nmep.penny-karen.com:8646/s","https://dyn-iudn.dispute.ooo:2853/s","https://dyn-tdvx.fixes-fellow.com:10804/s","https://dyn-fzqr.loads-mariah.com:5924/s","https://dyn-pwwj.priced.site:9983/s","https://dyn-jqez.loads-mariah.com:1906/s","https://dyn-nriy.rotation.fun:5635/s","https://dyn-zdse.dealt.ooo:9634/s","https://dyn-gbpw.dealt.ooo:6033/s","https://dyn-dsva.restrict.ooo:2482/s","https://dyn-eklb.pluto3.org:7445/s","https://dyn-dycd.gauge.world:5454/s","https://dyn-yytx.fourqt.com:10510/s","https://dyn-zkbq.tribal-enjoy.com:4089/s","https://dyn-nhat.excerpt.info:1851/s","https://dyn-wwhf.barriers-rides.net:1334/s","https://dyn-hdgf.penny-karen.com:10501/s","https://dyn-gmde.thegrand.top:2530/s","https://dyn-bnaj.seats-robbie.com:2233/s","https://dyn-pkow.dealt.ooo:8751/s","https://dyn-wmfu.earth-dying.com:4059/s","https://dyn-cxam.cd-n.net:9694/s","https://dyn-fqvl.defend-broad.org:8138/s","https://dyn-qdij.pluto3.org:5234/s","https://dyn-znrd.dispute.ooo:1259/s","https://dyn-rhti.rules-tiger.org:5241/s","https://dyn-xutp.priced.site:2282/s","https://dyn-ckum.menus.life:5978/s","https://dyn-mzax.fixes-fellow.com:1592/s","https://dyn-xmjh.rotation.fun:10678/s","https://dyn-srjs.prior.world:10209/s","https://dyn-mywj.dispute.ooo:7029/s","https://dyn-pktp.2po.info:3770/s","https://dyn-glio.barriers-rides.net:7207/s","https://dyn-mknt.cnt2.net:7595/s","https://dyn-donz.defend-broad.org:8004/s","https://dyn-eoul.delay.ooo:2702/s","https://dyn-ntwc.rotation.fun:4915/s","https://dyn-ljmh.cnt2.net:6198/s","https://dyn-fdit.barriers-rides.net:5237/s","https://dyn-sddb.referred.ooo:8821/s","https://dyn-wpuu.stood.fun:1792/s","https://dyn-ccmf.herein.world:6495/s","https://dyn-klfp.stood.fun:7573/s","https://dyn-dgjy.priced.top:6949/s","https://dyn-kkab.try9.net:7734/s","https://dyn-evpw.bedroom.life:6857/s","https://dyn-knat.applies.top:4139/s","https://dyn-mtun.2po.info:4083/s","https://dyn-gpxr.try9.net:8399/s","https://dyn-zvar.herein.world:1241/s","https://dyn-rhvm.cream-regards.net:2823/s","https://dyn-rivd.klafive.com:3345/s","https://dyn-wubm.barriers-rides.net:7374/s","https://dyn-gjbg.applies.top:5430/s","https://dyn-gxwn.common-faced.com:1461/s","https://dyn-ibyi.dryer.life:7845/s","https://dyn-qyst.common-faced.com:6213/s","https://dyn-qhbi.korea-injured.com:4545/s","https://dyn-ljlo.earth-dying.com:1573/s","https://dyn-ipte.condo-forest.net:2956/s","https://dyn-bejt.column-total.net:8747/s","https://dyn-sdti.korea-injured.com:9759/s","https://dyn-vbay.faith-invasion.com:9813/s","https://dyn-gdvl.noticed.ooo:4732/s","https://dyn-ryfk.charged.fun:8706/s","https://dyn-dyrx.topcdn.org:4094/s","https://dyn-oyzg.dylan-roland.info:7454/s","https://dyn-zygg.pimmel.top:4312/s","https://dyn-sufi.cameron-brian.net:3987/s","https://dyn-bcux.charged.fun:1749/s","https://dyn-twlv.freestat.org:6216/s","https://dyn-oxga.topcdn.org:3113/s","https://dyn-okva.diltwo.com:7134/s","https://dyn-lgui.bless-charter.net:4640/s","https://dyn-fnfl.articles-subtle.net:3343/s","https://dyn-dotj.priced.site:9532/s","https://dyn-yeow.2po.info:3124/s","https://dyn-lzku.title-father.com:7342/s","https://dyn-wind.thirty-raise.net:6560/s","https://dyn-zaac.faith-invasion.com:2175/s","https://dyn-cvhd.faith-invasion.com:10854/s","https://dyn-wdgl.delay.ooo:3365/s","https://dyn-gelo.lender.fun:5209/s","https://dyn-laea.cd-n.net:1762/s","https://dyn-dyyt.priced.top:3559/s","https://dyn-ypti.trips.ooo:1949/s","https://dyn-semf.seats-robbie.com:8496/s","https://dyn-kmlg.dispute.ooo:4191/s","https://dyn-qwpf.tribal-enjoy.com:2618/s","https://dyn-tqpr.gauge.world:3191/s","https://dyn-lcjz.moral.fun:3436/s","https://dyn-jkkw.penny-karen.com:10738/s","https://dyn-yjok.thirty-raise.net:8757/s","https://dyn-hqsv.rules-tiger.org:2388/s","https://dyn-kode.penny-karen.com:9382/s","https://dyn-rndf.seats-robbie.com:2101/s","https://dyn-aass.cameron-brian.net:6625/s","https://dyn-vnve.seems.info:1038/s","https://dyn-jgnq.diltwo.com:3156/s","https://dyn-ujjn.column-total.net:2438/s","https://dyn-oqtt.cameron-brian.net:2002/s","https://dyn-jktp.excerpt.info:6882/s","https://dyn-ztae.pluto3.org:2332/s","https://dyn-gnqj.bless-charter.net:7450/s","https://dyn-urzi.cnt2.net:7795/s","https://dyn-vgoo.rotation.fun:7677/s","https://dyn-tztv.dirty-derby.net:6985/s","https://dyn-ivib.column-total.net:1263/s","https://dyn-zipy.articles-subtle.net:10605/s","https://dyn-rbma.herein.world:3921/s","https://dyn-kgwr.defend-broad.org:10667/s","https://dyn-hagk.column-total.net:5255/s","https://dyn-uogr.klafive.com:7113/s","https://dyn-scqg.wealth-arcade.com:8901/s","https://dyn-whkb.fixes-fellow.com:10383/s","https://dyn-qjxi.trlone.com:6873/s","https://dyn-cwqa.noticed.ooo:4823/s","https://dyn-vyou.common-faced.com:4914/s","https://dyn-gqwh.thegrand.top:10025/s","https://dyn-zujf.rules-tiger.org:8270/s","https://dyn-fjoa.diltwo.com:5589/s","https://dyn-bksm.priced.top:2642/s","https://dyn-eexx.fixes-fellow.com:7159/s","https://dyn-cniv.barriers-rides.net:3660/s","https://dyn-zjuo.rules-tiger.org:8984/s","https://dyn-ezrf.wealth-arcade.com:5241/s","https://dyn-iwjh.topcdn.org:1271/s","https://dyn-gfpz.charged.fun:9705/s","https://dyn-aoza.rotation.fun:4518/s","https://dyn-agsz.freestat.org:1429/s","https://dyn-tcwq.greece-china.net:3508/s","https://dyn-unia.dealt.ooo:9050/s","https://dyn-rvvi.excerpt.info:2052/s","https://dyn-sscf.thegrand.top:6218/s","https://dyn-ncfb.barriers-rides.net:9118/s","https://dyn-nidp.menus.life:3470/s","https://dyn-uwqq.hopcdn.com:9860/s","https://dyn-eqik.thegrand.top:7058/s","https://dyn-hzjl.excerpt.info:10429/s","https://dyn-lkuf.greece-china.net:5359/s","https://dyn-wgkb.gamingmaster.xyz:9161/s","https://dyn-uczo.priced.top:1452/s","https://dyn-czrp.tribal-enjoy.com:1887/s","https://dyn-fvui.tracks.fun:1553/s","https://dyn-jhxa.thirty-raise.net:4797/s","https://dyn-infa.referred.ooo:5945/s","https://dyn-vcxn.wayne-decide.org:3588/s","https://dyn-axjk.klafive.com:2725/s","https://dyn-dpsf.fixes-fellow.com:5623/s","https://dyn-txes.applies.top:9677/s","https://dyn-twrl.cnt2.net:7331/s","https://dyn-kxhd.killed.world:2407/s","https://dyn-plxg.stood.fun:3376/s","https://dyn-gyhx.killed.world:3679/s","https://dyn-vokt.cd-n.net:1540/s","https://dyn-mufn.gauge.world:10503/s","https://dyn-icoi.articles-subtle.net:9543/s","https://dyn-cbke.tribal-enjoy.com:8117/s","https://dyn-rnfk.sought.fun:8983/s","https://dyn-ptkj.penny-karen.com:6318/s","https://dyn-xsjx.dealt.ooo:7883/s","https://dyn-uabu.spies.ooo:2257/s","https://dyn-edgr.gauge.world:4265/s","https://dyn-kwtg.greece-china.net:5174/s","https://dyn-gnna.greece-china.net:5584/s","https://dyn-ifqs.enters-simply.net:9573/s","https://dyn-iqxk.lender.fun:7720/s","https://dyn-elfp.killed.world:3613/s","https://dyn-tgci.dirty-derby.net:7695/s","https://dyn-atpd.cream-regards.net:2477/s","https://dyn-nzri.earth-dying.com:9258/s","https://dyn-mlcf.dryer.life:7847/s","https://dyn-cvey.tribal-enjoy.com:9853/s","https://dyn-ixmm.tracks.fun:5704/s","https://dyn-qcvz.fourqt.com:8181/s","https://dyn-rgfh.stood.fun:3790/s","https://dyn-phyp.dylan-roland.info:1814/s","https://dyn-zful.optics-thing.com:8453/s","https://dyn-iohi.freestat.org:1390/s","https://dyn-kctu.thegrand.top:7768/s","https://dyn-salo.referred.ooo:10367/s","https://dyn-bbix.referred.ooo:10264/s","https://dyn-ctpy.rotation.fun:7835/s","https://dyn-papa.wealth-arcade.com:5848/s","https://dyn-rmhc.freestat.org:5966/s","https://dyn-geob.2po.info:2308/s","https://dyn-gtdh.defend-broad.org:2670/s","https://dyn-jnsw.loads-mariah.com:4777/s","https://dyn-rwyf.condo-forest.net:4524/s","https://dyn-swol.rotation.fun:10794/s","https://dyn-tyqb.pluto3.org:5554/s","https://dyn-ekge.articles-subtle.net:9634/s","https://dyn-bmap.pimmel.top:4158/s","https://dyn-xxvo.sought.fun:2271/s","https://dyn-tyca.trips.ooo:3906/s","https://dyn-hdua.barriers-rides.net:1784/s","https://dyn-pqkb.trips.ooo:1402/s","https://dyn-ixpd.moral.fun:7192/s","https://dyn-molg.tribal-enjoy.com:10835/s","https://dyn-jarw.common-faced.com:9488/s","https://dyn-ahxb.crimes-segment.net:10365/s","https://dyn-fulx.enters-simply.net:4225/s","https://dyn-qaey.faith-invasion.com:3413/s","https://dyn-hjcd.column-total.net:4821/s","https://dyn-bdig.title-father.com:2318/s","https://dyn-lgkr.dealt.ooo:9543/s","https://dyn-wohb.title-father.com:9862/s","https://dyn-carl.cream-regards.net:9070/s","https://dyn-ejdr.dirty-derby.net:10505/s","https://dyn-vjvp.penny-karen.com:2187/s","https://dyn-mahp.cd-n.net:2459/s","https://dyn-iqit.title-father.com:3541/s","https://dyn-olxy.column-total.net:9236/s","https://dyn-fbha.radical.fun:8967/s","https://dyn-uzgz.clicking.ooo:9999/s","https://dyn-oimh.optics-thing.com:8468/s","https://dyn-wdlg.dispute.ooo:4802/s","https://dyn-eztx.stood.fun:3645/s","https://dyn-gahz.column-total.net:7074/s","https://dyn-nxsj.column-total.net:1082/s","https://dyn-kxua.cnt2.net:4376/s","https://dyn-oaih.lender.fun:7114/s","https://dyn-oktx.clicking.ooo:4745/s","https://dyn-fagf.herein.world:4484/s","https://dyn-zeuy.faith-invasion.com:9144/s","https://dyn-vnvy.column-total.net:5030/s","https://dyn-zxra.cnt2.net:6800/s","https://dyn-rzai.common-faced.com:7649/s","https://dyn-bunq.cnt2.net:8412/s","https://dyn-szni.diltwo.com:1571/s","https://dyn-slwf.column-total.net:4745/s","https://dyn-upsv.try9.net:2453/s","https://dyn-drdl.common-faced.com:1796/s","https://dyn-kwjv.seems.info:6090/s","https://dyn-upmc.crimes-segment.net:5054/s","https://dyn-tzrk.noticed.ooo:1791/s","https://dyn-vtyt.pluto3.org:10187/s","https://dyn-yzmz.seats-robbie.com:4809/s","https://dyn-gpds.referred.ooo:10131/s","https://dyn-losj.wealth-arcade.com:9052/s","https://dyn-wrhv.lender.fun:7564/s","https://dyn-rxgf.thegrand.top:4209/s","https://dyn-pupm.cameron-brian.net:8141/s","https://dyn-jzvv.korea-injured.com:8051/s","https://dyn-oayg.spies.ooo:7192/s","https://dyn-ndpb.prior.world:9998/s","https://dyn-uyzz.radical.fun:2653/s","https://dyn-shcd.fixes-fellow.com:9007/s","https://dyn-xafs.stood.fun:7782/s","https://dyn-ziar.rules-tiger.org:8939/s","https://dyn-dpmo.trips.ooo:2202/s","https://dyn-irah.korea-injured.com:7663/s","https://dyn-ivto.cream-regards.net:5382/s","https://dyn-finm.hopcdn.com:7229/s","https://dyn-uuba.lender.fun:9702/s","https://dyn-ylcz.herein.world:8298/s","https://dyn-xbce.applies.top:3616/s","https://dyn-rlce.killed.world:6318/s"]}
